Nationalratswahl 2019, 29.09.2019 (Bericht wurde generiert am 08.10.2019 um 16:42)
Bezirk_Id;Bezirk;Gemeinde_Id;Gemeinde;Wahlberechtigte männlich;Wahlberechtigte weiblich;Auslandsösterreicher Wahlberechtigte männlich;Auslandsösterreicher Wahlberechtigte weiblich;Wahlberechtigte gesamt;Abgegebene Stimmen;Wahlbeteiligung;Gültige Stimmen;Ungültige Stimmen;Nr./Wählergruppe1;Name/Wählergruppe1;Stimmen/Wählergruppe1;Prozente/Wählergruppe1;Nr./Wählergruppe2;Name/Wählergruppe2;Stimmen/Wählergruppe2;Prozente/Wählergruppe2;Nr./Wählergruppe3;Name/Wählergruppe3;Stimmen/Wählergruppe3;Prozente/Wählergruppe3;Nr./Wählergruppe4;Name/Wählergruppe4;Stimmen/Wählergruppe4;Prozente/Wählergruppe4;Nr./Wählergruppe5;Name/Wählergruppe5;Stimmen/Wählergruppe5;Prozente/Wählergruppe5;Nr./Wählergruppe6;Name/Wählergruppe6;Stimmen/Wählergruppe6;Prozente/Wählergruppe6;Nr./Wählergruppe7;Name/Wählergruppe7;Stimmen/Wählergruppe7;Prozente/Wählergruppe7;Nr./Wählergruppe8;Name/Wählergruppe8;Stimmen/Wählergruppe8;Prozente/Wählergruppe8;Nr./Wählergruppe9;Name/Wählergruppe9;Stimmen/Wählergruppe9;Prozente/Wählergruppe9;
701;Innsbruck-Stadt;70101;Innsbruck;40546;46079;951;1022;86625;46195;53,33;45825;370;1;ÖVP;13638;29,76;2;SPÖ;8372;18,27;3;FPÖ;6976;15,22;4;NEOS;4633;10,11;5;JETZT;1373;3,00;6;GRÜNE;9954;21,72;7;GILT;108;0,24;8;KPÖ;545;1,19;9;WANDL;226;0,49;
702;Imst;70201;Arzl im Pitztal;1159;1205;7;7;2364;1459;61,72;1440;19;1;ÖVP;753;52,29;2;SPÖ;171;11,87;3;FPÖ;226;15,69;4;NEOS;120;8,33;5;JETZT;34;2,36;6;GRÜNE;127;8,82;7;GILT;2;0,14;8;KPÖ;2;0,14;9;WANDL;5;0,35;
702;Imst;70202;Haiming;1736;1805;8;10;3541;2046;57,78;2039;7;1;ÖVP;878;43,06;2;SPÖ;324;15,89;3;FPÖ;357;17,51;4;NEOS;177;8,68;5;JETZT;35;1,72;6;GRÜNE;258;12,65;7;GILT;3;0,15;8;KPÖ;4;0,20;9;WANDL;3;0,15;
702;Imst;70203;Imst;3596;3887;32;36;7483;4117;55,02;4087;30;1;ÖVP;1730;42,33;2;SPÖ;647;15,83;3;FPÖ;690;16,88;4;NEOS;363;8,88;5;JETZT;68;1,66;6;GRÜNE;547;13,38;7;GILT;6;0,15;8;KPÖ;20;0,49;9;WANDL;16;0,39;
702;Imst;70204;Imsterberg;308;319;1;1;627;395;63,00;388;7;1;ÖVP;205;52,84;2;SPÖ;53;13,66;3;FPÖ;77;19,85;4;NEOS;23;5,93;5;JETZT;3;0,77;6;GRÜNE;25;6,44;7;GILT;0;0,00;8;KPÖ;1;0,26;9;WANDL;1;0,26;
702;Imst;70205;Jerzens;356;348;2;7;704;454;64,49;450;4;1;ÖVP;304;67,56;2;SPÖ;25;5,56;3;FPÖ;82;18,22;4;NEOS;15;3,33;5;JETZT;3;0,67;6;GRÜNE;18;4,00;7;GILT;1;0,22;8;KPÖ;2;0,44;9;WANDL;0;0,00;
702;Imst;70206;Karres;244;263;0;0;507;335;66,07;330;5;1;ÖVP;166;50,30;2;SPÖ;38;11,52;3;FPÖ;88;26,67;4;NEOS;18;5,45;5;JETZT;3;0,91;6;GRÜNE;15;4,55;7;GILT;2;0,61;8;KPÖ;0;0,00;9;WANDL;0;0,00;
702;Imst;70207;Karrösten;295;269;2;2;564;347;61,52;343;4;1;ÖVP;162;47,23;2;SPÖ;62;18,08;3;FPÖ;53;15,45;4;NEOS;28;8,16;5;JETZT;15;4,37;6;GRÜNE;23;6,71;7;GILT;0;0,00;8;KPÖ;0;0,00;9;WANDL;0;0,00;
702;Imst;70208;Längenfeld;1691;1753;9;8;3444;2119;61,53;2099;20;1;ÖVP;1397;66,56;2;SPÖ;109;5,19;3;FPÖ;258;12,29;4;NEOS;150;7,15;5;JETZT;25;1,19;6;GRÜNE;148;7,05;7;GILT;3;0,14;8;KPÖ;2;0,10;9;WANDL;7;0,33;
702;Imst;70209;Mieming;1361;1458;7;11;2819;1699;60,27;1679;20;1;ÖVP;813;48,42;2;SPÖ;147;8,76;3;FPÖ;244;14,53;4;NEOS;201;11,97;5;JETZT;29;1,73;6;GRÜNE;219;13,04;7;GILT;6;0,36;8;KPÖ;7;0,42;9;WANDL;13;0,77;
702;Imst;70210;Mils bei Imst;240;227;0;0;467;322;68,95;322;0;1;ÖVP;133;41,30;2;SPÖ;37;11,49;3;FPÖ;49;15,22;4;NEOS;64;19,88;5;JETZT;5;1,55;6;GRÜNE;32;9,94;7;GILT;1;0,31;8;KPÖ;1;0,31;9;WANDL;0;0,00;
702;Imst;70211;Mötz;475;456;2;4;931;480;51,56;477;3;1;ÖVP;222;46,54;2;SPÖ;58;12,16;3;FPÖ;77;16,14;4;NEOS;40;8,39;5;JETZT;10;2,10;6;GRÜNE;65;13,63;7;GILT;2;0,42;8;KPÖ;1;0,21;9;WANDL;2;0,42;
702;Imst;70212;Nassereith;855;808;6;8;1663;999;60,07;992;7;1;ÖVP;558;56,25;2;SPÖ;96;9,68;3;FPÖ;176;17,74;4;NEOS;63;6,35;5;JETZT;13;1,31;6;GRÜNE;70;7,06;7;GILT;7;0,71;8;KPÖ;8;0,81;9;WANDL;1;0,10;
702;Imst;70213;Obsteig;479;485;4;6;964;557;57,78;550;7;1;ÖVP;267;48,55;2;SPÖ;47;8,55;3;FPÖ;84;15,27;4;NEOS;41;7,45;5;JETZT;5;0,91;6;GRÜNE;97;17,64;7;GILT;4;0,73;8;KPÖ;1;0,18;9;WANDL;4;0,73;
702;Imst;70214;Oetz;865;899;6;7;1764;1053;59,69;1042;11;1;ÖVP;584;56,05;2;SPÖ;79;7,58;3;FPÖ;136;13,05;4;NEOS;103;9,88;5;JETZT;21;2,02;6;GRÜNE;111;10,65;7;GILT;1;0,10;8;KPÖ;3;0,29;9;WANDL;4;0,38;
702;Imst;70215;Rietz;887;929;3;3;1816;1080;59,47;1065;15;1;ÖVP;426;40,00;2;SPÖ;156;14,65;3;FPÖ;245;23,00;4;NEOS;83;7,79;5;JETZT;19;1,78;6;GRÜNE;112;10,52;7;GILT;11;1,03;8;KPÖ;6;0,56;9;WANDL;7;0,66;
702;Imst;70216;Roppen;657;686;2;1;1343;803;59,79;792;11;1;ÖVP;397;50,13;2;SPÖ;141;17,80;3;FPÖ;105;13,26;4;NEOS;54;6,82;5;JETZT;5;0,63;6;GRÜNE;78;9,85;7;GILT;3;0,38;8;KPÖ;5;0,63;9;WANDL;4;0,51;
702;Imst;70218;Sautens;556;572;3;9;1128;617;54,70;616;1;1;ÖVP;334;54,22;2;SPÖ;54;8,77;3;FPÖ;100;16,23;4;NEOS;56;9,09;5;JETZT;12;1,95;6;GRÜNE;49;7,95;7;GILT;2;0,32;8;KPÖ;6;0,97;9;WANDL;3;0,49;
702;Imst;70219;Silz;978;988;4;6;1966;1151;58,55;1141;10;1;ÖVP;468;41,02;2;SPÖ;182;15,95;3;FPÖ;184;16,13;4;NEOS;98;8,59;5;JETZT;34;2,98;6;GRÜNE;156;13,67;7;GILT;5;0,44;8;KPÖ;10;0,88;9;WANDL;4;0,35;
702;Imst;70220;Sölden;1073;1113;5;10;2186;1199;54,85;1191;8;1;ÖVP;827;69,44;2;SPÖ;30;2,52;3;FPÖ;165;13,85;4;NEOS;88;7,39;5;JETZT;13;1,09;6;GRÜNE;59;4,95;7;GILT;0;0,00;8;KPÖ;2;0,17;9;WANDL;7;0,59;
702;Imst;70217;St. Leonhard im Pitztal;558;520;2;0;1078;630;58,44;626;4;1;ÖVP;480;76,68;2;SPÖ;13;2,08;3;FPÖ;89;14,22;4;NEOS;17;2,72;5;JETZT;1;0,16;6;GRÜNE;24;3,83;7;GILT;0;0,00;8;KPÖ;0;0,00;9;WANDL;2;0,32;
702;Imst;70221;Stams;560;562;3;2;1122;630;56,15;627;3;1;ÖVP;291;46,41;2;SPÖ;83;13,24;3;FPÖ;102;16,27;4;NEOS;52;8,29;5;JETZT;12;1,91;6;GRÜNE;83;13,24;7;GILT;1;0,16;8;KPÖ;2;0,32;9;WANDL;1;0,16;
702;Imst;70222;Tarrenz;1042;1058;8;7;2100;1200;57,14;1190;10;1;ÖVP;568;47,73;2;SPÖ;110;9,24;3;FPÖ;289;24,29;4;NEOS;83;6,97;5;JETZT;21;1,76;6;GRÜNE;107;8,99;7;GILT;3;0,25;8;KPÖ;2;0,17;9;WANDL;7;0,59;
702;Imst;70223;Umhausen;1221;1193;11;13;2414;1431;59,28;1419;12;1;ÖVP;844;59,48;2;SPÖ;87;6,13;3;FPÖ;266;18,75;4;NEOS;121;8,53;5;JETZT;18;1,27;6;GRÜNE;77;5,43;7;GILT;4;0,28;8;KPÖ;1;0,07;9;WANDL;1;0,07;
702;Imst;70224;Wenns;799;810;3;10;1609;874;54,32;868;6;1;ÖVP;551;63,48;2;SPÖ;59;6,80;3;FPÖ;140;16,13;4;NEOS;48;5,53;5;JETZT;12;1,38;6;GRÜNE;53;6,11;7;GILT;1;0,12;8;KPÖ;2;0,23;9;WANDL;2;0,23;
703;Innsbruck-Land;70301;Absam;2744;2976;26;42;5720;3557;62,19;3531;26;1;ÖVP;1412;39,99;2;SPÖ;487;13,79;3;FPÖ;494;13,99;4;NEOS;406;11,50;5;JETZT;51;1,44;6;GRÜNE;642;18,18;7;GILT;2;0,06;8;KPÖ;28;0,79;9;WANDL;9;0,25;
703;Innsbruck-Land;70302;Aldrans;952;1024;10;7;1976;1196;60,53;1190;6;1;ÖVP;544;45,71;2;SPÖ;89;7,48;3;FPÖ;135;11,34;4;NEOS;150;12,61;5;JETZT;19;1,60;6;GRÜNE;237;19,92;7;GILT;1;0,08;8;KPÖ;10;0,84;9;WANDL;5;0,42;
703;Innsbruck-Land;70303;Ampass;648;660;7;9;1308;796;60,86;791;5;1;ÖVP;337;42,60;2;SPÖ;77;9,73;3;FPÖ;121;15,30;4;NEOS;88;11,13;5;JETZT;14;1,77;6;GRÜNE;147;18,58;7;GILT;2;0,25;8;KPÖ;3;0,38;9;WANDL;2;0,25;
703;Innsbruck-Land;70304;Axams;2252;2418;15;19;4670;2715;58,14;2697;18;1;ÖVP;1096;40,64;2;SPÖ;386;14,31;3;FPÖ;415;15,39;4;NEOS;237;8,79;5;JETZT;41;1,52;6;GRÜNE;487;18,06;7;GILT;4;0,15;8;KPÖ;22;0,82;9;WANDL;9;0,33;
703;Innsbruck-Land;70305;Baumkirchen;483;473;6;6;956;531;55,54;528;3;1;ÖVP;235;44,51;2;SPÖ;68;12,88;3;FPÖ;92;17,42;4;NEOS;41;7,77;5;JETZT;17;3,22;6;GRÜNE;68;12,88;7;GILT;2;0,38;8;KPÖ;3;0,57;9;WANDL;2;0,38;
703;Innsbruck-Land;70306;Birgitz;537;581;7;11;1118;699;62,52;693;6;1;ÖVP;312;45,02;2;SPÖ;77;11,11;3;FPÖ;88;12,70;4;NEOS;71;10,25;5;JETZT;13;1,88;6;GRÜNE;121;17,46;7;GILT;1;0,14;8;KPÖ;5;0,72;9;WANDL;5;0,72;
703;Innsbruck-Land;70307;Ellbögen;459;452;4;0;911;608;66,74;605;3;1;ÖVP;343;56,69;2;SPÖ;60;9,92;3;FPÖ;89;14,71;4;NEOS;51;8,43;5;JETZT;8;1,32;6;GRÜNE;48;7,93;7;GILT;1;0,17;8;KPÖ;4;0,66;9;WANDL;1;0,17;
703;Innsbruck-Land;70308;Flaurling;460;522;0;1;982;635;64,66;628;7;1;ÖVP;292;46,50;2;SPÖ;95;15,13;3;FPÖ;73;11,62;4;NEOS;50;7,96;5;JETZT;18;2,87;6;GRÜNE;96;15,29;7;GILT;1;0,16;8;KPÖ;3;0,48;9;WANDL;0;0,00;
703;Innsbruck-Land;70309;Fritzens;837;832;8;5;1669;1012;60,64;1008;4;1;ÖVP;421;41,77;2;SPÖ;147;14,58;3;FPÖ;169;16,77;4;NEOS;103;10,22;5;JETZT;21;2,08;6;GRÜNE;131;13,00;7;GILT;2;0,20;8;KPÖ;10;0,99;9;WANDL;4;0,40;
703;Innsbruck-Land;70310;Fulpmes;1511;1580;8;15;3091;1792;57,97;1778;14;1;ÖVP;788;44,32;2;SPÖ;319;17,94;3;FPÖ;285;16,03;4;NEOS;148;8,32;5;JETZT;26;1,46;6;GRÜNE;202;11,36;7;GILT;1;0,06;8;KPÖ;6;0,34;9;WANDL;3;0,17;
703;Innsbruck-Land;70311;Gnadenwald;308;312;2;1;620;401;64,68;398;3;1;ÖVP;222;55,78;2;SPÖ;26;6,53;3;FPÖ;49;12,31;4;NEOS;42;10,55;5;JETZT;6;1,51;6;GRÜNE;51;12,81;7;GILT;0;0,00;8;KPÖ;0;0,00;9;WANDL;2;0,50;
703;Innsbruck-Land;70312;Götzens;1484;1607;11;15;3091;1794;58,04;1781;13;1;ÖVP;772;43,35;2;SPÖ;218;12,24;3;FPÖ;307;17,24;4;NEOS;174;9,77;5;JETZT;28;1,57;6;GRÜNE;266;14,94;7;GILT;2;0,11;8;KPÖ;7;0,39;9;WANDL;7;0,39;
703;Innsbruck-Land;70313;Gries am Brenner;504;487;4;5;991;630;63,57;629;1;1;ÖVP;328;52,15;2;SPÖ;77;12,24;3;FPÖ;134;21,30;4;NEOS;29;4,61;5;JETZT;10;1,59;6;GRÜNE;43;6,84;7;GILT;0;0,00;8;KPÖ;4;0,64;9;WANDL;4;0,64;
703;Innsbruck-Land;70314;Gries im Sellrain;235;243;0;0;478;327;68,41;324;3;1;ÖVP;179;55,25;2;SPÖ;70;21,60;3;FPÖ;32;9,88;4;NEOS;14;4,32;5;JETZT;3;0,93;6;GRÜNE;21;6,48;7;GILT;1;0,31;8;KPÖ;0;0,00;9;WANDL;4;1,23;
703;Innsbruck-Land;70315;Grinzens;532;546;2;2;1078;646;59,93;641;5;1;ÖVP;282;43,99;2;SPÖ;97;15,13;3;FPÖ;112;17,47;4;NEOS;53;8,27;5;JETZT;18;2,81;6;GRÜNE;76;11,86;7;GILT;0;0,00;8;KPÖ;2;0,31;9;WANDL;1;0,16;
703;Innsbruck-Land;70317;Gschnitz;171;171;0;1;342;211;61,70;205;6;1;ÖVP;129;62,93;2;SPÖ;22;10,73;3;FPÖ;37;18,05;4;NEOS;12;5,85;5;JETZT;1;0,49;6;GRÜNE;3;1,46;7;GILT;0;0,00;8;KPÖ;1;0,49;9;WANDL;0;0,00;
703;Innsbruck-Land;70354;Hall in Tirol;4427;5140;57;46;9567;5539;57,90;5490;49;1;ÖVP;1718;31,29;2;SPÖ;1063;19,36;3;FPÖ;885;16,12;4;NEOS;574;10,46;5;JETZT;143;2,60;6;GRÜNE;1028;18,72;7;GILT;9;0,16;8;KPÖ;47;0,86;9;WANDL;23;0,42;
703;Innsbruck-Land;70318;Hatting;521;558;5;4;1079;624;57,83;619;5;1;ÖVP;247;39,90;2;SPÖ;84;13,57;3;FPÖ;103;16,64;4;NEOS;65;10,50;5;JETZT;15;2,42;6;GRÜNE;99;15,99;7;GILT;1;0,16;8;KPÖ;3;0,48;9;WANDL;2;0,32;
703;Innsbruck-Land;70319;Inzing;1461;1497;13;17;2958;1843;62,31;1831;12;1;ÖVP;752;41,07;2;SPÖ;262;14,31;3;FPÖ;246;13,44;4;NEOS;183;9,99;5;JETZT;33;1,80;6;GRÜNE;320;17,48;7;GILT;2;0,11;8;KPÖ;18;0,98;9;WANDL;15;0,82;
703;Innsbruck-Land;70320;Kematen in Tirol;1047;1164;10;12;2211;1265;57,21;1254;11;1;ÖVP;507;40,43;2;SPÖ;163;13,00;3;FPÖ;196;15,63;4;NEOS;109;8,69;5;JETZT;31;2,47;6;GRÜNE;239;19,06;7;GILT;0;0,00;8;KPÖ;7;0,56;9;WANDL;2;0,16;
703;Innsbruck-Land;70322;Kolsass;628;632;2;2;1260;828;65,71;819;9;1;ÖVP;365;44,57;2;SPÖ;99;12,09;3;FPÖ;129;15,75;4;NEOS;59;7,20;5;JETZT;12;1,47;6;GRÜNE;147;17,95;7;GILT;3;0,37;8;KPÖ;2;0,24;9;WANDL;3;0,37;
703;Innsbruck-Land;70323;Kolsassberg;309;317;0;1;626;400;63,90;398;2;1;ÖVP;223;56,03;2;SPÖ;30;7,54;3;FPÖ;84;21,11;4;NEOS;26;6,53;5;JETZT;3;0,75;6;GRÜNE;29;7,29;7;GILT;2;0,50;8;KPÖ;1;0,25;9;WANDL;0;0,00;
703;Innsbruck-Land;70325;Lans;406;415;8;1;821;475;57,86;471;4;1;ÖVP;216;45,86;2;SPÖ;34;7,22;3;FPÖ;62;13,16;4;NEOS;60;12,74;5;JETZT;3;0,64;6;GRÜNE;91;19,32;7;GILT;1;0,21;8;KPÖ;3;0,64;9;WANDL;1;0,21;
703;Innsbruck-Land;70326;Leutasch;792;809;9;7;1601;866;54,09;859;7;1;ÖVP;492;57,28;2;SPÖ;48;5,59;3;FPÖ;122;14,20;4;NEOS;82;9,55;5;JETZT;11;1,28;6;GRÜNE;98;11,41;7;GILT;3;0,35;8;KPÖ;1;0,12;9;WANDL;2;0,23;
703;Innsbruck-Land;70327;Matrei am Brenner;350;364;2;3;714;442;61,90;434;8;1;ÖVP;196;45,16;2;SPÖ;70;16,13;3;FPÖ;64;14,75;4;NEOS;50;11,52;5;JETZT;8;1,84;6;GRÜNE;42;9,68;7;GILT;0;0,00;8;KPÖ;1;0,23;9;WANDL;3;0,69;
703;Innsbruck-Land;70328;Mieders;648;688;5;11;1336;766;57,34;758;8;1;ÖVP;352;46,44;2;SPÖ;86;11,35;3;FPÖ;117;15,44;4;NEOS;82;10,82;5;JETZT;8;1,06;6;GRÜNE;110;14,51;7;GILT;1;0,13;8;KPÖ;1;0,13;9;WANDL;1;0,13;
703;Innsbruck-Land;70329;Mils;1672;1740;18;26;3412;2216;64,95;2200;16;1;ÖVP;953;43,32;2;SPÖ;230;10,45;3;FPÖ;326;14,82;4;NEOS;254;11,55;5;JETZT;41;1,86;6;GRÜNE;368;16,73;7;GILT;6;0,27;8;KPÖ;14;0,64;9;WANDL;8;0,36;
703;Innsbruck-Land;70330;Mühlbachl;508;547;7;1;1055;618;58,58;609;9;1;ÖVP;346;56,81;2;SPÖ;98;16,09;3;FPÖ;88;14,45;4;NEOS;36;5,91;5;JETZT;6;0,99;6;GRÜNE;30;4,93;7;GILT;2;0,33;8;KPÖ;2;0,33;9;WANDL;1;0,16;
703;Innsbruck-Land;70331;Mutters;766;844;7;6;1610;1020;63,35;1014;6;1;ÖVP;496;48,92;2;SPÖ;81;7,99;3;FPÖ;128;12,62;4;NEOS;117;11,54;5;JETZT;18;1,78;6;GRÜNE;169;16,67;7;GILT;0;0,00;8;KPÖ;3;0,30;9;WANDL;2;0,20;
703;Innsbruck-Land;70332;Natters;783;821;2;9;1604;951;59,29;950;1;1;ÖVP;434;45,68;2;SPÖ;110;11,58;3;FPÖ;122;12,84;4;NEOS;100;10,53;5;JETZT;16;1,68;6;GRÜNE;156;16,42;7;GILT;1;0,11;8;KPÖ;5;0,53;9;WANDL;6;0,63;
703;Innsbruck-Land;70333;Navis;813;803;1;3;1616;1030;63,74;1024;6;1;ÖVP;647;63,18;2;SPÖ;111;10,84;3;FPÖ;158;15,43;4;NEOS;48;4,69;5;JETZT;10;0,98;6;GRÜNE;47;4,59;7;GILT;1;0,10;8;KPÖ;0;0,00;9;WANDL;2;0,20;
703;Innsbruck-Land;70334;Neustift im Stubaital;1761;1716;11;15;3477;2245;64,57;2225;20;1;ÖVP;1261;56,67;2;SPÖ;183;8,22;3;FPÖ;403;18,11;4;NEOS;146;6,56;5;JETZT;36;1,62;6;GRÜNE;181;8,13;7;GILT;3;0,13;8;KPÖ;8;0,36;9;WANDL;4;0,18;
703;Innsbruck-Land;70335;Oberhofen im Inntal;685;682;4;3;1367;868;63,50;863;5;1;ÖVP;323;37,43;2;SPÖ;146;16,92;3;FPÖ;184;21,32;4;NEOS;85;9,85;5;JETZT;14;1,62;6;GRÜNE;103;11,94;7;GILT;1;0,12;8;KPÖ;4;0,46;9;WANDL;3;0,35;
703;Innsbruck-Land;70336;Obernberg am Brenner;164;125;1;0;289;217;75,09;216;1;1;ÖVP;127;58,80;2;SPÖ;14;6,48;3;FPÖ;53;24,54;4;NEOS;11;5,09;5;JETZT;1;0,46;6;GRÜNE;9;4,17;7;GILT;0;0,00;8;KPÖ;0;0,00;9;WANDL;1;0,46;
703;Innsbruck-Land;70337;Oberperfuss;1190;1229;7;8;2419;1553;64,20;1537;16;1;ÖVP;749;48,73;2;SPÖ;207;13,47;3;FPÖ;179;11,65;4;NEOS;151;9,82;5;JETZT;27;1,76;6;GRÜNE;209;13,60;7;GILT;1;0,07;8;KPÖ;12;0,78;9;WANDL;2;0,13;
703;Innsbruck-Land;70338;Patsch;405;406;1;4;811;515;63,50;513;2;1;ÖVP;230;44,83;2;SPÖ;59;11,50;3;FPÖ;69;13,45;4;NEOS;53;10,33;5;JETZT;3;0,58;6;GRÜNE;92;17,93;7;GILT;1;0,19;8;KPÖ;6;1,17;9;WANDL;0;0,00;
703;Innsbruck-Land;70339;Pettnau;422;425;2;6;847;479;56,55;473;6;1;ÖVP;216;45,67;2;SPÖ;54;11,42;3;FPÖ;73;15,43;4;NEOS;54;11,42;5;JETZT;10;2,11;6;GRÜNE;56;11,84;7;GILT;5;1,06;8;KPÖ;1;0,21;9;WANDL;4;0,85;
703;Innsbruck-Land;70340;Pfaffenhofen;405;420;2;1;825;413;50,06;411;2;1;ÖVP;159;38,69;2;SPÖ;68;16,55;3;FPÖ;70;17,03;4;NEOS;44;10,71;5;JETZT;3;0,73;6;GRÜNE;60;14,60;7;GILT;4;0,97;8;KPÖ;2;0,49;9;WANDL;1;0,24;
703;Innsbruck-Land;70341;Pfons;513;491;3;2;1004;643;64,04;636;7;1;ÖVP;341;53,62;2;SPÖ;79;12,42;3;FPÖ;93;14,62;4;NEOS;41;6,45;5;JETZT;13;2,04;6;GRÜNE;62;9,75;7;GILT;3;0,47;8;KPÖ;3;0,47;9;WANDL;1;0,16;
703;Innsbruck-Land;70342;Polling in Tirol;439;411;1;0;850;524;61,65;515;9;1;ÖVP;230;44,66;2;SPÖ;69;13,40;3;FPÖ;120;23,30;4;NEOS;37;7,18;5;JETZT;5;0,97;6;GRÜNE;44;8,54;7;GILT;0;0,00;8;KPÖ;4;0,78;9;WANDL;6;1,17;
703;Innsbruck-Land;70343;Ranggen;413;422;4;2;835;563;67,43;558;5;1;ÖVP;272;48,75;2;SPÖ;48;8,60;3;FPÖ;78;13,98;4;NEOS;43;7,71;5;JETZT;9;1,61;6;GRÜNE;99;17,74;7;GILT;1;0,18;8;KPÖ;4;0,72;9;WANDL;4;0,72;
703;Innsbruck-Land;70344;Reith bei Seefeld;423;450;2;2;873;480;54,98;478;2;1;ÖVP;243;50,84;2;SPÖ;38;7,95;3;FPÖ;61;12,76;4;NEOS;39;8,16;5;JETZT;16;3,35;6;GRÜNE;77;16,11;7;GILT;0;0,00;8;KPÖ;2;0,42;9;WANDL;2;0,42;
703;Innsbruck-Land;70345;Rinn;729;719;2;6;1448;966;66,71;962;4;1;ÖVP;431;44,80;2;SPÖ;84;8,73;3;FPÖ;155;16,11;4;NEOS;102;10,60;5;JETZT;17;1,77;6;GRÜNE;163;16,94;7;GILT;1;0,10;8;KPÖ;9;0,94;9;WANDL;0;0,00;
703;Innsbruck-Land;70346;Rum;3177;3633;33;29;6810;4116;60,44;4084;32;1;ÖVP;1452;35,55;2;SPÖ;860;21,06;3;FPÖ;699;17,12;4;NEOS;344;8,42;5;JETZT;74;1,81;6;GRÜNE;595;14,57;7;GILT;12;0,29;8;KPÖ;25;0,61;9;WANDL;23;0,56;
703;Innsbruck-Land;70348;Scharnitz;428;439;3;9;867;450;51,90;445;5;1;ÖVP;223;50,11;2;SPÖ;58;13,03;3;FPÖ;75;16,85;4;NEOS;29;6,52;5;JETZT;9;2,02;6;GRÜNE;49;11,01;7;GILT;1;0,22;8;KPÖ;0;0,00;9;WANDL;1;0,22;
703;Innsbruck-Land;70349;Schmirn;364;345;1;0;709;545;76,87;540;5;1;ÖVP;403;74,63;2;SPÖ;36;6,67;3;FPÖ;55;10,19;4;NEOS;18;3,33;5;JETZT;4;0,74;6;GRÜNE;20;3,70;7;GILT;0;0,00;8;KPÖ;3;0,56;9;WANDL;1;0,19;
703;Innsbruck-Land;70350;Schönberg im Stubaital;372;342;3;2;714;425;59,52;420;5;1;ÖVP;226;53,81;2;SPÖ;40;9,52;3;FPÖ;50;11,90;4;NEOS;35;8,33;5;JETZT;4;0,95;6;GRÜNE;58;13,81;7;GILT;6;1,43;8;KPÖ;1;0,24;9;WANDL;0;0,00;
703;Innsbruck-Land;70351;Seefeld in Tirol;986;1077;24;30;2063;1101;53,37;1099;2;1;ÖVP;604;54,96;2;SPÖ;82;7,46;3;FPÖ;158;14,38;4;NEOS;98;8,92;5;JETZT;21;1,91;6;GRÜNE;128;11,65;7;GILT;1;0,09;8;KPÖ;5;0,45;9;WANDL;2;0,18;
703;Innsbruck-Land;70352;Sellrain;545;545;4;2;1090;620;56,88;614;6;1;ÖVP;295;48,05;2;SPÖ;178;28,99;3;FPÖ;63;10,26;4;NEOS;25;4,07;5;JETZT;9;1,47;6;GRÜNE;35;5,70;7;GILT;1;0,16;8;KPÖ;7;1,14;9;WANDL;1;0,16;
703;Innsbruck-Land;70353;Sistrans;829;906;13;11;1735;1114;64,21;1109;5;1;ÖVP;432;38,95;2;SPÖ;114;10,28;3;FPÖ;111;10,01;4;NEOS;160;14,43;5;JETZT;17;1,53;6;GRÜNE;264;23,81;7;GILT;3;0,27;8;KPÖ;4;0,36;9;WANDL;4;0,36;
703;Innsbruck-Land;70347;St. Sigmund im Sellrain;72;67;0;1;139;95;68,35;94;1;1;ÖVP;63;67,02;2;SPÖ;13;13,83;3;FPÖ;13;13,83;4;NEOS;3;3,19;5;JETZT;1;1,06;6;GRÜNE;1;1,06;7;GILT;0;0,00;8;KPÖ;0;0,00;9;WANDL;0;0,00;
703;Innsbruck-Land;70355;Steinach am Brenner;1315;1378;10;19;2693;1605;59,60;1578;27;1;ÖVP;782;49,56;2;SPÖ;232;14,70;3;FPÖ;258;16,35;4;NEOS;124;7,86;5;JETZT;28;1,77;6;GRÜNE;138;8,75;7;GILT;3;0,19;8;KPÖ;11;0,70;9;WANDL;2;0,13;
703;Innsbruck-Land;70356;Telfes im Stubai;624;588;6;5;1212;728;60,07;720;8;1;ÖVP;374;51,94;2;SPÖ;91;12,64;3;FPÖ;101;14,03;4;NEOS;54;7,50;5;JETZT;12;1,67;6;GRÜNE;76;10,56;7;GILT;2;0,28;8;KPÖ;8;1,11;9;WANDL;2;0,28;
703;Innsbruck-Land;70357;Telfs;5294;5605;47;37;10899;5533;50,77;5481;52;1;ÖVP;1801;32,86;2;SPÖ;1160;21,16;3;FPÖ;953;17,39;4;NEOS;494;9,01;5;JETZT;109;1,99;6;GRÜNE;886;16,16;7;GILT;17;0,31;8;KPÖ;39;0,71;9;WANDL;22;0,40;
703;Innsbruck-Land;70358;Thaur;1508;1523;23;25;3031;1981;65,36;1966;15;1;ÖVP;935;47,56;2;SPÖ;235;11,95;3;FPÖ;316;16,07;4;NEOS;182;9,26;5;JETZT;43;2,19;6;GRÜNE;242;12,31;7;GILT;2;0,10;8;KPÖ;5;0,25;9;WANDL;6;0,31;
703;Innsbruck-Land;70359;Trins;515;521;3;3;1036;667;64,38;660;7;1;ÖVP;362;54,85;2;SPÖ;80;12,12;3;FPÖ;82;12,42;4;NEOS;46;6,97;5;JETZT;10;1,52;6;GRÜNE;73;11,06;7;GILT;2;0,30;8;KPÖ;4;0,61;9;WANDL;1;0,15;
703;Innsbruck-Land;70360;Tulfes;601;607;6;4;1208;772;63,91;768;4;1;ÖVP;398;51,82;2;SPÖ;51;6,64;3;FPÖ;141;18,36;4;NEOS;67;8,72;5;JETZT;13;1,69;6;GRÜNE;86;11,20;7;GILT;3;0,39;8;KPÖ;7;0,91;9;WANDL;2;0,26;
703;Innsbruck-Land;70361;Unterperfuss;75;107;1;1;182;67;36,81;67;0;1;ÖVP;35;52,24;2;SPÖ;13;19,40;3;FPÖ;10;14,93;4;NEOS;1;1,49;5;JETZT;1;1,49;6;GRÜNE;7;10,45;7;GILT;0;0,00;8;KPÖ;0;0,00;9;WANDL;0;0,00;
703;Innsbruck-Land;70362;Vals;231;216;1;3;447;289;64,65;283;6;1;ÖVP;184;65,02;2;SPÖ;25;8,83;3;FPÖ;42;14,84;4;NEOS;9;3,18;5;JETZT;1;0,35;6;GRÜNE;21;7,42;7;GILT;0;0,00;8;KPÖ;1;0,35;9;WANDL;0;0,00;
703;Innsbruck-Land;70364;Völs;2437;2696;26;32;5133;3078;59,96;3054;24;1;ÖVP;1201;39,33;2;SPÖ;488;15,98;3;FPÖ;481;15,75;4;NEOS;257;8,42;5;JETZT;62;2,03;6;GRÜNE;521;17,06;7;GILT;11;0,36;8;KPÖ;25;0,82;9;WANDL;8;0,26;
703;Innsbruck-Land;70365;Volders;1681;1722;11;9;3403;2075;60,98;2054;21;1;ÖVP;964;46,93;2;SPÖ;226;11,00;3;FPÖ;417;20,30;4;NEOS;158;7,69;5;JETZT;37;1,80;6;GRÜNE;227;11,05;7;GILT;7;0,34;8;KPÖ;12;0,58;9;WANDL;6;0,29;
703;Innsbruck-Land;70366;Wattenberg;304;283;1;0;587;387;65,93;387;0;1;ÖVP;205;52,97;2;SPÖ;11;2,84;3;FPÖ;107;27,65;4;NEOS;21;5,43;5;JETZT;10;2,58;6;GRÜNE;30;7,75;7;GILT;1;0,26;8;KPÖ;2;0,52;9;WANDL;0;0,00;
703;Innsbruck-Land;70367;Wattens;2845;3185;25;23;6030;3397;56,33;3370;27;1;ÖVP;1440;42,73;2;SPÖ;547;16,23;3;FPÖ;664;19,70;4;NEOS;239;7,09;5;JETZT;55;1,63;6;GRÜNE;380;11,28;7;GILT;10;0,30;8;KPÖ;17;0,50;9;WANDL;18;0,53;
703;Innsbruck-Land;70368;Wildermieming;344;365;1;1;709;467;65,87;463;4;1;ÖVP;208;44,92;2;SPÖ;39;8,42;3;FPÖ;58;12,53;4;NEOS;67;14,47;5;JETZT;11;2,38;6;GRÜNE;78;16,85;7;GILT;0;0,00;8;KPÖ;2;0,43;9;WANDL;0;0,00;
703;Innsbruck-Land;70369;Zirl;2900;3104;22;20;6004;3471;57,81;3450;21;1;ÖVP;1214;35,19;2;SPÖ;552;16,00;3;FPÖ;529;15,33;4;NEOS;405;11,74;5;JETZT;74;2,14;6;GRÜNE;628;18,20;7;GILT;8;0,23;8;KPÖ;21;0,61;9;WANDL;19;0,55;
704;Kitzbühel;70401;Aurach bei Kitzbühel;408;418;5;7;826;498;60,29;492;6;1;ÖVP;328;66,67;2;SPÖ;38;7,72;3;FPÖ;69;14,02;4;NEOS;17;3,46;5;JETZT;3;0,61;6;GRÜNE;34;6,91;7;GILT;0;0,00;8;KPÖ;3;0,61;9;WANDL;0;0,00;
704;Kitzbühel;70402;Brixen im Thale;965;1030;9;13;1995;1207;60,50;1199;8;1;ÖVP;730;60,88;2;SPÖ;164;13,68;3;FPÖ;116;9,67;4;NEOS;70;5,84;5;JETZT;13;1,08;6;GRÜNE;90;7,51;7;GILT;7;0,58;8;KPÖ;6;0,50;9;WANDL;3;0,25;
704;Kitzbühel;70403;Fieberbrunn;1645;1634;22;15;3279;2043;62,31;2027;16;1;ÖVP;1018;50,22;2;SPÖ;319;15,74;3;FPÖ;231;11,40;4;NEOS;164;8,09;5;JETZT;23;1,13;6;GRÜNE;257;12,68;7;GILT;6;0,30;8;KPÖ;6;0,30;9;WANDL;3;0,15;
704;Kitzbühel;70404;Going am Wilden Kaiser;636;654;6;4;1290;743;57,60;736;7;1;ÖVP;430;58,42;2;SPÖ;61;8,29;3;FPÖ;134;18,21;4;NEOS;30;4,08;5;JETZT;15;2,04;6;GRÜNE;64;8,70;7;GILT;1;0,14;8;KPÖ;0;0,00;9;WANDL;1;0,14;
704;Kitzbühel;70405;Hochfilzen;461;466;6;4;927;570;61,49;563;7;1;ÖVP;293;52,04;2;SPÖ;126;22,38;3;FPÖ;64;11,37;4;NEOS;31;5,51;5;JETZT;9;1,60;6;GRÜNE;37;6,57;7;GILT;2;0,36;8;KPÖ;1;0,18;9;WANDL;0;0,00;
704;Kitzbühel;70406;Hopfgarten im Brixental;2063;2173;22;33;4236;2701;63,76;2684;17;1;ÖVP;1597;59,50;2;SPÖ;247;9,20;3;FPÖ;376;14,01;4;NEOS;172;6,41;5;JETZT;34;1,27;6;GRÜNE;241;8,98;7;GILT;9;0,34;8;KPÖ;4;0,15;9;WANDL;4;0,15;
704;Kitzbühel;70407;Itter;459;437;3;5;896;615;68,64;613;2;1;ÖVP;353;57,59;2;SPÖ;66;10,77;3;FPÖ;101;16,48;4;NEOS;33;5,38;5;JETZT;7;1,14;6;GRÜNE;47;7,67;7;GILT;3;0,49;8;KPÖ;3;0,49;9;WANDL;0;0,00;
704;Kitzbühel;70408;Jochberg;550;610;11;14;1160;705;60,78;699;6;1;ÖVP;416;59,51;2;SPÖ;84;12,02;3;FPÖ;113;16,17;4;NEOS;33;4,72;5;JETZT;4;0,57;6;GRÜNE;48;6,87;7;GILT;0;0,00;8;KPÖ;1;0,14;9;WANDL;0;0,00;
704;Kitzbühel;70409;Kirchberg in Tirol;1776;1898;15;20;3674;2162;58,85;2150;12;1;ÖVP;1249;58,09;2;SPÖ;282;13,12;3;FPÖ;276;12,84;4;NEOS;145;6,74;5;JETZT;25;1,16;6;GRÜNE;160;7,44;7;GILT;5;0,23;8;KPÖ;5;0,23;9;WANDL;3;0,14;
704;Kitzbühel;70410;Kirchdorf in Tirol;1408;1432;9;13;2840;1752;61,69;1747;5;1;ÖVP;976;55,87;2;SPÖ;148;8,47;3;FPÖ;294;16,83;4;NEOS;128;7,33;5;JETZT;13;0,74;6;GRÜNE;178;10,19;7;GILT;2;0,11;8;KPÖ;3;0,17;9;WANDL;5;0,29;
704;Kitzbühel;70411;Kitzbühel;2678;3098;65;56;5776;2930;50,73;2900;30;1;ÖVP;1546;53,31;2;SPÖ;329;11,34;3;FPÖ;433;14,93;4;NEOS;229;7,90;5;JETZT;43;1,48;6;GRÜNE;298;10,28;7;GILT;4;0,14;8;KPÖ;12;0,41;9;WANDL;6;0,21;
704;Kitzbühel;70412;Kössen;1467;1518;22;30;2985;1722;57,69;1709;13;1;ÖVP;1104;64,60;2;SPÖ;110;6,44;3;FPÖ;248;14,51;4;NEOS;81;4,74;5;JETZT;13;0,76;6;GRÜNE;134;7,84;7;GILT;3;0,18;8;KPÖ;11;0,64;9;WANDL;5;0,29;
704;Kitzbühel;70413;Oberndorf in Tirol;775;861;12;9;1636;988;60,39;978;10;1;ÖVP;558;57,06;2;SPÖ;121;12,37;3;FPÖ;120;12,27;4;NEOS;65;6,65;5;JETZT;4;0,41;6;GRÜNE;104;10,63;7;GILT;1;0,10;8;KPÖ;2;0,20;9;WANDL;3;0,31;
704;Kitzbühel;70414;Reith bei Kitzbühel;539;602;13;16;1141;672;58,90;670;2;1;ÖVP;405;60,45;2;SPÖ;44;6,57;3;FPÖ;78;11,64;4;NEOS;56;8,36;5;JETZT;8;1,19;6;GRÜNE;75;11,19;7;GILT;0;0,00;8;KPÖ;2;0,30;9;WANDL;2;0,30;
704;Kitzbühel;70418;Schwendt;301;280;2;2;581;354;60,93;352;2;1;ÖVP;223;63,35;2;SPÖ;24;6,82;3;FPÖ;58;16,48;4;NEOS;17;4,83;5;JETZT;2;0,57;6;GRÜNE;28;7,95;7;GILT;0;0,00;8;KPÖ;0;0,00;9;WANDL;0;0,00;
704;Kitzbühel;70415;St. Jakob in Haus;276;299;0;1;575;377;65,57;372;5;1;ÖVP;225;60,48;2;SPÖ;45;12,10;3;FPÖ;27;7,26;4;NEOS;32;8,60;5;JETZT;7;1,88;6;GRÜNE;35;9,41;7;GILT;0;0,00;8;KPÖ;1;0,27;9;WANDL;0;0,00;
704;Kitzbühel;70416;St. Johann in Tirol;3089;3480;36;46;6569;3754;57,15;3715;39;1;ÖVP;1847;49,72;2;SPÖ;421;11,33;3;FPÖ;542;14,59;4;NEOS;314;8,45;5;JETZT;34;0,92;6;GRÜNE;528;14,21;7;GILT;6;0,16;8;KPÖ;13;0,35;9;WANDL;10;0,27;
704;Kitzbühel;70417;St. Ulrich am Pillersee;598;616;4;9;1214;756;62,27;750;6;1;ÖVP;464;61,87;2;SPÖ;52;6,93;3;FPÖ;91;12,13;4;NEOS;58;7,73;5;JETZT;13;1,73;6;GRÜNE;66;8,80;7;GILT;2;0,27;8;KPÖ;3;0,40;9;WANDL;1;0,13;
704;Kitzbühel;70419;Waidring;756;766;10;2;1522;981;64,45;978;3;1;ÖVP;514;52,56;2;SPÖ;99;10,12;3;FPÖ;177;18,10;4;NEOS;65;6,65;5;JETZT;8;0,82;6;GRÜNE;111;11,35;7;GILT;1;0,10;8;KPÖ;2;0,20;9;WANDL;1;0,10;
704;Kitzbühel;70420;Westendorf;1357;1412;10;11;2769;1690;61,03;1674;16;1;ÖVP;1034;61,77;2;SPÖ;163;9,74;3;FPÖ;175;10,45;4;NEOS;100;5,97;5;JETZT;16;0,96;6;GRÜNE;174;10,39;7;GILT;3;0,18;8;KPÖ;5;0,30;9;WANDL;4;0,24;
705;Kufstein;70501;Alpbach;961;951;9;12;1912;1338;69,98;1331;7;1;ÖVP;912;68,52;2;SPÖ;39;2,93;3;FPÖ;194;14,58;4;NEOS;88;6,61;5;JETZT;9;0,68;6;GRÜNE;84;6,31;7;GILT;1;0,08;8;KPÖ;3;0,23;9;WANDL;1;0,08;
705;Kufstein;70502;Angath;367;383;1;3;750;445;59,33;444;1;1;ÖVP;238;53,60;2;SPÖ;46;10,36;3;FPÖ;87;19,59;4;NEOS;21;4,73;5;JETZT;12;2,70;6;GRÜNE;37;8,33;7;GILT;2;0,45;8;KPÖ;1;0,23;9;WANDL;0;0,00;
705;Kufstein;70528;Angerberg;760;704;1;7;1464;975;66,60;970;5;1;ÖVP;488;50,31;2;SPÖ;100;10,31;3;FPÖ;147;15,15;4;NEOS;86;8,87;5;JETZT;14;1,44;6;GRÜNE;124;12,78;7;GILT;3;0,31;8;KPÖ;6;0,62;9;WANDL;2;0,21;
705;Kufstein;70503;Bad Häring;968;1035;9;16;2003;1244;62,11;1236;8;1;ÖVP;504;40,78;2;SPÖ;281;22,73;3;FPÖ;154;12,46;4;NEOS;73;5,91;5;JETZT;17;1,38;6;GRÜNE;197;15,94;7;GILT;1;0,08;8;KPÖ;7;0,57;9;WANDL;2;0,16;
705;Kufstein;70504;Brandenberg;644;575;2;3;1219;775;63,58;766;9;1;ÖVP;468;61,10;2;SPÖ;101;13,19;3;FPÖ;113;14,75;4;NEOS;39;5,09;5;JETZT;5;0,65;6;GRÜNE;37;4,83;7;GILT;0;0,00;8;KPÖ;3;0,39;9;WANDL;0;0,00;
705;Kufstein;70505;Breitenbach am Inn;1323;1345;2;6;2668;1885;70,65;1872;13;1;ÖVP;1061;56,68;2;SPÖ;193;10,31;3;FPÖ;319;17,04;4;NEOS;99;5,29;5;JETZT;15;0,80;6;GRÜNE;160;8,55;7;GILT;13;0,69;8;KPÖ;9;0,48;9;WANDL;3;0,16;
705;Kufstein;70506;Brixlegg;1084;1164;7;13;2248;1312;58,36;1305;7;1;ÖVP;594;45,52;2;SPÖ;173;13,26;3;FPÖ;252;19,31;4;NEOS;90;6,90;5;JETZT;24;1,84;6;GRÜNE;153;11,72;7;GILT;6;0,46;8;KPÖ;6;0,46;9;WANDL;7;0,54;
705;Kufstein;70508;Ebbs;1985;2098;21;19;4083;2571;62,97;2550;21;1;ÖVP;1410;55,29;2;SPÖ;238;9,33;3;FPÖ;469;18,39;4;NEOS;161;6,31;5;JETZT;36;1,41;6;GRÜNE;218;8,55;7;GILT;6;0,24;8;KPÖ;6;0,24;9;WANDL;6;0,24;
705;Kufstein;70509;Ellmau;906;961;11;13;1867;1163;62,29;1157;6;1;ÖVP;664;57,39;2;SPÖ;78;6,74;3;FPÖ;209;18,06;4;NEOS;58;5,01;5;JETZT;17;1,47;6;GRÜNE;125;10,80;7;GILT;1;0,09;8;KPÖ;3;0,26;9;WANDL;2;0,17;
705;Kufstein;70510;Erl;521;532;16;6;1053;735;69,80;729;6;1;ÖVP;469;64,33;2;SPÖ;42;5,76;3;FPÖ;85;11,66;4;NEOS;46;6,31;5;JETZT;10;1,37;6;GRÜNE;68;9,33;7;GILT;0;0,00;8;KPÖ;4;0,55;9;WANDL;5;0,69;
705;Kufstein;70511;Kirchbichl;2072;2256;28;25;4328;2778;64,19;2752;26;1;ÖVP;1122;40,77;2;SPÖ;572;20,78;3;FPÖ;528;19,19;4;NEOS;174;6,32;5;JETZT;41;1,49;6;GRÜNE;281;10,21;7;GILT;12;0,44;8;KPÖ;14;0,51;9;WANDL;8;0,29;
705;Kufstein;70512;Kramsach;1817;2010;23;20;3827;2412;63,03;2385;27;1;ÖVP;972;40,75;2;SPÖ;288;12,08;3;FPÖ;448;18,78;4;NEOS;192;8,05;5;JETZT;48;2,01;6;GRÜNE;411;17,23;7;GILT;10;0,42;8;KPÖ;9;0,38;9;WANDL;7;0,29;
705;Kufstein;70513;Kufstein;5683;6416;110;99;12099;6531;53,98;6487;44;1;ÖVP;2499;38,52;2;SPÖ;1170;18,04;3;FPÖ;1076;16,59;4;NEOS;494;7,62;5;JETZT;134;2,07;6;GRÜNE;1026;15,82;7;GILT;25;0,39;8;KPÖ;35;0,54;9;WANDL;28;0,43;
705;Kufstein;70514;Kundl;1616;1715;17;12;3331;1992;59,80;1977;15;1;ÖVP;862;43,60;2;SPÖ;329;16,64;3;FPÖ;353;17,86;4;NEOS;156;7,89;5;JETZT;26;1,32;6;GRÜNE;224;11,33;7;GILT;10;0,51;8;KPÖ;10;0,51;9;WANDL;7;0,35;
705;Kufstein;70515;Langkampfen;1511;1534;6;9;3045;1948;63,97;1938;10;1;ÖVP;897;46,28;2;SPÖ;293;15,12;3;FPÖ;397;20,49;4;NEOS;119;6,14;5;JETZT;21;1,08;6;GRÜNE;190;9,80;7;GILT;12;0,62;8;KPÖ;4;0,21;9;WANDL;5;0,26;
705;Kufstein;70516;Mariastein;149;157;1;0;306;186;60,78;184;2;1;ÖVP;88;47,83;2;SPÖ;13;7,07;3;FPÖ;29;15,76;4;NEOS;23;12,50;5;JETZT;1;0,54;6;GRÜNE;27;14,67;7;GILT;2;1,09;8;KPÖ;0;0,00;9;WANDL;1;0,54;
705;Kufstein;70517;Münster;1298;1311;5;6;2609;1631;62,51;1621;10;1;ÖVP;704;43,43;2;SPÖ;235;14,50;3;FPÖ;340;20,97;4;NEOS;118;7,28;5;JETZT;23;1,42;6;GRÜNE;177;10,92;7;GILT;6;0,37;8;KPÖ;12;0,74;9;WANDL;6;0,37;
705;Kufstein;70518;Niederndorf;997;1036;12;9;2033;1288;63,35;1275;13;1;ÖVP;702;55,06;2;SPÖ;81;6,35;3;FPÖ;248;19,45;4;NEOS;93;7,29;5;JETZT;25;1,96;6;GRÜNE;110;8,63;7;GILT;8;0,63;8;KPÖ;6;0,47;9;WANDL;2;0,16;
705;Kufstein;70519;Niederndorferberg;259;231;2;2;490;304;62,04;301;3;1;ÖVP;214;71,10;2;SPÖ;4;1,33;3;FPÖ;45;14,95;4;NEOS;11;3,65;5;JETZT;3;1,00;6;GRÜNE;21;6,98;7;GILT;1;0,33;8;KPÖ;0;0,00;9;WANDL;2;0,66;
705;Kufstein;70520;Radfeld;861;911;9;5;1772;1035;58,41;1028;7;1;ÖVP;417;40,56;2;SPÖ;148;14,40;3;FPÖ;251;24,42;4;NEOS;78;7,59;5;JETZT;26;2,53;6;GRÜNE;98;9,53;7;GILT;5;0,49;8;KPÖ;3;0,29;9;WANDL;2;0,19;
705;Kufstein;70521;Rattenberg;134;122;4;2;256;155;60,55;155;0;1;ÖVP;45;29,03;2;SPÖ;22;14,19;3;FPÖ;38;24,52;4;NEOS;16;10,32;5;JETZT;6;3,87;6;GRÜNE;22;14,19;7;GILT;0;0,00;8;KPÖ;4;2,58;9;WANDL;2;1,29;
705;Kufstein;70522;Reith im Alpbachtal;978;1020;4;9;1998;1259;63,01;1252;7;1;ÖVP;776;61,98;2;SPÖ;110;8,79;3;FPÖ;179;14,30;4;NEOS;75;5,99;5;JETZT;13;1,04;6;GRÜNE;94;7,51;7;GILT;0;0,00;8;KPÖ;2;0,16;9;WANDL;3;0,24;
705;Kufstein;70523;Rettenschöss;201;174;2;1;375;227;60,53;224;3;1;ÖVP;174;77,68;2;SPÖ;4;1,79;3;FPÖ;24;10,71;4;NEOS;8;3,57;5;JETZT;0;0,00;6;GRÜNE;13;5,80;7;GILT;0;0,00;8;KPÖ;1;0,45;9;WANDL;0;0,00;
705;Kufstein;70524;Scheffau am Wilden Kaiser;528;532;4;5;1060;622;58,68;618;4;1;ÖVP;422;68,28;2;SPÖ;26;4,21;3;FPÖ;74;11,97;4;NEOS;32;5,18;5;JETZT;9;1,46;6;GRÜNE;52;8,41;7;GILT;0;0,00;8;KPÖ;3;0,49;9;WANDL;0;0,00;
705;Kufstein;70525;Schwoich;943;968;3;10;1911;1291;67,56;1286;5;1;ÖVP;713;55,44;2;SPÖ;128;9,95;3;FPÖ;203;15,79;4;NEOS;72;5,60;5;JETZT;19;1,48;6;GRÜNE;131;10,19;7;GILT;9;0,70;8;KPÖ;4;0,31;9;WANDL;7;0,54;
705;Kufstein;70526;Söll;1329;1318;9;13;2647;1698;64,15;1692;6;1;ÖVP;1069;63,18;2;SPÖ;149;8,81;3;FPÖ;213;12,59;4;NEOS;98;5,79;5;JETZT;17;1,00;6;GRÜNE;134;7,92;7;GILT;5;0,30;8;KPÖ;4;0,24;9;WANDL;3;0,18;
705;Kufstein;70527;Thiersee;1076;1044;4;9;2120;1502;70,85;1494;8;1;ÖVP;940;62,92;2;SPÖ;115;7,70;3;FPÖ;203;13,59;4;NEOS;91;6,09;5;JETZT;15;1,00;6;GRÜNE;121;8,10;7;GILT;1;0,07;8;KPÖ;4;0,27;9;WANDL;4;0,27;
705;Kufstein;70529;Walchsee;642;670;8;15;1312;825;62,88;818;7;1;ÖVP;480;58,68;2;SPÖ;44;5,38;3;FPÖ;161;19,68;4;NEOS;43;5,26;5;JETZT;2;0,24;6;GRÜNE;85;10,39;7;GILT;1;0,12;8;KPÖ;2;0,24;9;WANDL;0;0,00;
705;Kufstein;70530;Wildschönau;1629;1550;11;11;3179;2144;67,44;2129;15;1;ÖVP;1444;67,83;2;SPÖ;91;4,27;3;FPÖ;307;14,42;4;NEOS;93;4,37;5;JETZT;28;1,32;6;GRÜNE;149;7,00;7;GILT;4;0,19;8;KPÖ;7;0,33;9;WANDL;6;0,28;
705;Kufstein;70531;Wörgl;4325;4707;35;51;9032;4883;54,06;4834;49;1;ÖVP;1746;36,12;2;SPÖ;1176;24,33;3;FPÖ;895;18,51;4;NEOS;266;5,50;5;JETZT;85;1,76;6;GRÜNE;613;12,68;7;GILT;13;0,27;8;KPÖ;20;0,41;9;WANDL;20;0,41;
706;Landeck;70601;Faggen;153;138;0;0;291;162;55,67;159;3;1;ÖVP;106;66,67;2;SPÖ;11;6,92;3;FPÖ;19;11,95;4;NEOS;13;8,18;5;JETZT;0;0,00;6;GRÜNE;10;6,29;7;GILT;0;0,00;8;KPÖ;0;0,00;9;WANDL;0;0,00;
706;Landeck;70602;Fendels;108;101;2;2;209;136;65,07;135;1;1;ÖVP;103;76,30;2;SPÖ;5;3,70;3;FPÖ;5;3,70;4;NEOS;14;10,37;5;JETZT;0;0,00;6;GRÜNE;7;5,19;7;GILT;0;0,00;8;KPÖ;1;0,74;9;WANDL;0;0,00;
706;Landeck;70603;Fiss;367;354;5;7;721;415;57,56;413;2;1;ÖVP;322;77,97;2;SPÖ;9;2,18;3;FPÖ;22;5,33;4;NEOS;35;8,47;5;JETZT;1;0,24;6;GRÜNE;22;5,33;7;GILT;1;0,24;8;KPÖ;0;0,00;9;WANDL;1;0,24;
706;Landeck;70604;Fließ;1200;1146;5;6;2346;1500;63,94;1492;8;1;ÖVP;837;56,10;2;SPÖ;195;13,07;3;FPÖ;226;15,15;4;NEOS;87;5,83;5;JETZT;26;1,74;6;GRÜNE;109;7,31;7;GILT;3;0,20;8;KPÖ;5;0,34;9;WANDL;4;0,27;
706;Landeck;70605;Flirsch;395;379;2;6;774;477;61,63;468;9;1;ÖVP;242;51,71;2;SPÖ;77;16,45;3;FPÖ;48;10,26;4;NEOS;37;7,91;5;JETZT;15;3,21;6;GRÜNE;39;8,33;7;GILT;1;0,21;8;KPÖ;6;1,28;9;WANDL;3;0,64;
706;Landeck;70606;Galtür;306;300;2;1;606;415;68,48;413;2;1;ÖVP;301;72,88;2;SPÖ;13;3,15;3;FPÖ;49;11,86;4;NEOS;24;5,81;5;JETZT;5;1,21;6;GRÜNE;21;5,08;7;GILT;0;0,00;8;KPÖ;0;0,00;9;WANDL;0;0,00;
706;Landeck;70607;Grins;549;549;2;6;1098;638;58,11;635;3;1;ÖVP;344;54,17;2;SPÖ;70;11,02;3;FPÖ;78;12,28;4;NEOS;61;9,61;5;JETZT;11;1,73;6;GRÜNE;65;10,24;7;GILT;1;0,16;8;KPÖ;1;0,16;9;WANDL;4;0,63;
706;Landeck;70608;Ischgl;608;626;1;7;1234;786;63,70;784;2;1;ÖVP;610;77,81;2;SPÖ;24;3,06;3;FPÖ;82;10,46;4;NEOS;40;5,10;5;JETZT;6;0,77;6;GRÜNE;21;2,68;7;GILT;1;0,13;8;KPÖ;0;0,00;9;WANDL;0;0,00;
706;Landeck;70609;Kappl;1036;1028;4;3;2064;1408;68,22;1403;5;1;ÖVP;1108;78,97;2;SPÖ;39;2,78;3;FPÖ;164;11,69;4;NEOS;46;3,28;5;JETZT;4;0,29;6;GRÜNE;37;2,64;7;GILT;0;0,00;8;KPÖ;4;0,29;9;WANDL;1;0,07;
706;Landeck;70610;Kaunerberg;176;148;1;1;324;204;62,96;203;1;1;ÖVP;156;76,85;2;SPÖ;11;5,42;3;FPÖ;15;7,39;4;NEOS;9;4,43;5;JETZT;1;0,49;6;GRÜNE;11;5,42;7;GILT;0;0,00;8;KPÖ;0;0,00;9;WANDL;0;0,00;
706;Landeck;70611;Kaunertal;234;231;2;2;465;301;64,73;301;0;1;ÖVP;235;78,07;2;SPÖ;15;4,98;3;FPÖ;8;2,66;4;NEOS;17;5,65;5;JETZT;3;1,00;6;GRÜNE;21;6,98;7;GILT;1;0,33;8;KPÖ;1;0,33;9;WANDL;0;0,00;
706;Landeck;70612;Kauns;195;206;0;2;401;225;56,11;224;1;1;ÖVP;142;63,39;2;SPÖ;12;5,36;3;FPÖ;14;6,25;4;NEOS;29;12,95;5;JETZT;2;0,89;6;GRÜNE;25;11,16;7;GILT;0;0,00;8;KPÖ;0;0,00;9;WANDL;0;0,00;
706;Landeck;70613;Ladis;218;200;1;0;418;233;55,74;232;1;1;ÖVP;138;59,48;2;SPÖ;12;5,17;3;FPÖ;34;14,66;4;NEOS;18;7,76;5;JETZT;2;0,86;6;GRÜNE;24;10,34;7;GILT;2;0,86;8;KPÖ;2;0,86;9;WANDL;0;0,00;
706;Landeck;70614;Landeck;2658;2918;41;31;5576;3131;56,15;3092;39;1;ÖVP;1245;40,27;2;SPÖ;650;21,02;3;FPÖ;383;12,39;4;NEOS;341;11,03;5;JETZT;55;1,78;6;GRÜNE;386;12,48;7;GILT;4;0,13;8;KPÖ;16;0,52;9;WANDL;12;0,39;
706;Landeck;70615;Nauders;550;547;2;10;1097;678;61,80;672;6;1;ÖVP;457;68,01;2;SPÖ;56;8,33;3;FPÖ;81;12,05;4;NEOS;41;6,10;5;JETZT;2;0,30;6;GRÜNE;35;5,21;7;GILT;0;0,00;8;KPÖ;0;0,00;9;WANDL;0;0,00;
706;Landeck;70616;Pettneu am Arlberg;571;551;3;4;1122;673;59,98;668;5;1;ÖVP;343;51,35;2;SPÖ;90;13,47;3;FPÖ;67;10,03;4;NEOS;59;8,83;5;JETZT;10;1,50;6;GRÜNE;92;13,77;7;GILT;3;0,45;8;KPÖ;0;0,00;9;WANDL;4;0,60;
706;Landeck;70617;Pfunds;967;1009;12;18;1976;1191;60,27;1181;10;1;ÖVP;759;64,27;2;SPÖ;127;10,75;3;FPÖ;145;12,28;4;NEOS;63;5,33;5;JETZT;12;1,02;6;GRÜNE;68;5,76;7;GILT;0;0,00;8;KPÖ;4;0,34;9;WANDL;3;0,25;
706;Landeck;70618;Pians;305;305;2;2;610;408;66,89;406;2;1;ÖVP;248;61,08;2;SPÖ;52;12,81;3;FPÖ;49;12,07;4;NEOS;22;5,42;5;JETZT;5;1,23;6;GRÜNE;30;7,39;7;GILT;0;0,00;8;KPÖ;0;0,00;9;WANDL;0;0,00;
706;Landeck;70619;Prutz;649;681;5;6;1330;744;55,94;736;8;1;ÖVP;374;50,82;2;SPÖ;107;14,54;3;FPÖ;86;11,68;4;NEOS;50;6,79;5;JETZT;15;2,04;6;GRÜNE;97;13,18;7;GILT;1;0,14;8;KPÖ;3;0,41;9;WANDL;3;0,41;
706;Landeck;70620;Ried im Oberinntal;440;467;4;3;907;508;56,01;508;0;1;ÖVP;313;61,61;2;SPÖ;43;8,46;3;FPÖ;56;11,02;4;NEOS;29;5,71;5;JETZT;11;2,17;6;GRÜNE;53;10,43;7;GILT;0;0,00;8;KPÖ;3;0,59;9;WANDL;0;0,00;
706;Landeck;70622;Schönwies;648;660;2;4;1308;858;65,60;848;10;1;ÖVP;355;41,86;2;SPÖ;238;28,07;3;FPÖ;93;10,97;4;NEOS;68;8,02;5;JETZT;11;1,30;6;GRÜNE;78;9,20;7;GILT;1;0,12;8;KPÖ;2;0,24;9;WANDL;2;0,24;
706;Landeck;70623;See;470;478;2;1;948;599;63,19;598;1;1;ÖVP;437;73,08;2;SPÖ;13;2,17;3;FPÖ;107;17,89;4;NEOS;26;4,35;5;JETZT;1;0,17;6;GRÜNE;10;1,67;7;GILT;2;0,33;8;KPÖ;2;0,33;9;WANDL;0;0,00;
706;Landeck;70624;Serfaus;434;431;7;5;865;525;60,69;523;2;1;ÖVP;352;67,30;2;SPÖ;26;4,97;3;FPÖ;39;7,46;4;NEOS;52;9,94;5;JETZT;4;0,76;6;GRÜNE;45;8,60;7;GILT;1;0,19;8;KPÖ;1;0,19;9;WANDL;3;0,57;
706;Landeck;70625;Spiss;51;39;1;0;90;50;55,56;50;0;1;ÖVP;36;72,00;2;SPÖ;4;8,00;3;FPÖ;9;18,00;4;NEOS;1;2,00;5;JETZT;0;0,00;6;GRÜNE;0;0,00;7;GILT;0;0,00;8;KPÖ;0;0,00;9;WANDL;0;0,00;
706;Landeck;70621;St. Anton am Arlberg;852;911;15;9;1763;931;52,81;922;9;1;ÖVP;570;61,82;2;SPÖ;55;5,97;3;FPÖ;56;6,07;4;NEOS;115;12,47;5;JETZT;10;1,08;6;GRÜNE;113;12,26;7;GILT;0;0,00;8;KPÖ;1;0,11;9;WANDL;2;0,22;
706;Landeck;70626;Stanz bei Landeck;246;230;0;0;476;315;66,18;307;8;1;ÖVP;145;47,23;2;SPÖ;67;21,82;3;FPÖ;15;4,89;4;NEOS;28;9,12;5;JETZT;5;1,63;6;GRÜNE;45;14,66;7;GILT;0;0,00;8;KPÖ;2;0,65;9;WANDL;0;0,00;
706;Landeck;70627;Strengen;496;481;3;1;977;624;63,87;610;14;1;ÖVP;336;55,08;2;SPÖ;111;18,20;3;FPÖ;73;11,97;4;NEOS;39;6,39;5;JETZT;18;2,95;6;GRÜNE;27;4,43;7;GILT;1;0,16;8;KPÖ;0;0,00;9;WANDL;5;0,82;
706;Landeck;70628;Tobadill;206;198;0;1;404;239;59,16;236;3;1;ÖVP;150;63,56;2;SPÖ;24;10,17;3;FPÖ;25;10,59;4;NEOS;17;7,20;5;JETZT;2;0,85;6;GRÜNE;15;6,36;7;GILT;0;0,00;8;KPÖ;0;0,00;9;WANDL;3;1,27;
706;Landeck;70629;Tösens;285;292;4;0;577;315;54,59;307;8;1;ÖVP;193;62,87;2;SPÖ;27;8,79;3;FPÖ;46;14,98;4;NEOS;16;5,21;5;JETZT;4;1,30;6;GRÜNE;19;6,19;7;GILT;0;0,00;8;KPÖ;1;0,33;9;WANDL;1;0,33;
706;Landeck;70630;Zams;1269;1366;11;19;2635;1597;60,61;1586;11;1;ÖVP;737;46,47;2;SPÖ;263;16,58;3;FPÖ;137;8,64;4;NEOS;189;11,92;5;JETZT;31;1,95;6;GRÜNE;217;13,68;7;GILT;5;0,32;8;KPÖ;4;0,25;9;WANDL;3;0,19;
707;Lienz;70701;Abfaltersbach;251;260;3;3;511;364;71,23;358;6;1;ÖVP;259;72,35;2;SPÖ;11;3,07;3;FPÖ;39;10,89;4;NEOS;18;5,03;5;JETZT;2;0,56;6;GRÜNE;26;7,26;7;GILT;0;0,00;8;KPÖ;1;0,28;9;WANDL;2;0,56;
707;Lienz;70702;Ainet;391;373;5;6;764;478;62,57;473;5;1;ÖVP;267;56,45;2;SPÖ;31;6,55;3;FPÖ;89;18,82;4;NEOS;26;5,50;5;JETZT;10;2,11;6;GRÜNE;48;10,15;7;GILT;0;0,00;8;KPÖ;2;0,42;9;WANDL;0;0,00;
707;Lienz;70703;Amlach;183;190;0;0;373;246;65,95;238;8;1;ÖVP;118;49,58;2;SPÖ;20;8,40;3;FPÖ;54;22,69;4;NEOS;18;7,56;5;JETZT;4;1,68;6;GRÜNE;20;8,40;7;GILT;1;0,42;8;KPÖ;2;0,84;9;WANDL;1;0,42;
707;Lienz;70704;Anras;487;502;3;2;989;672;67,95;665;7;1;ÖVP;486;73,08;2;SPÖ;32;4,81;3;FPÖ;75;11,28;4;NEOS;38;5,71;5;JETZT;1;0,15;6;GRÜNE;30;4,51;7;GILT;0;0,00;8;KPÖ;2;0,30;9;WANDL;1;0,15;
707;Lienz;70705;Assling;769;720;7;13;1489;1003;67,36;994;9;1;ÖVP;655;65,90;2;SPÖ;65;6,54;3;FPÖ;111;11,17;4;NEOS;59;5,94;5;JETZT;13;1,31;6;GRÜNE;82;8,25;7;GILT;1;0,10;8;KPÖ;5;0,50;9;WANDL;3;0,30;
707;Lienz;70706;Außervillgraten;331;309;2;4;640;461;72,03;458;3;1;ÖVP;335;73,14;2;SPÖ;23;5,02;3;FPÖ;36;7,86;4;NEOS;27;5,90;5;JETZT;4;0,87;6;GRÜNE;30;6,55;7;GILT;2;0,44;8;KPÖ;0;0,00;9;WANDL;1;0,22;
707;Lienz;70707;Dölsach;902;956;5;7;1858;1122;60,39;1106;16;1;ÖVP;567;51,27;2;SPÖ;131;11,84;3;FPÖ;182;16,46;4;NEOS;89;8,05;5;JETZT;14;1,27;6;GRÜNE;118;10,67;7;GILT;0;0,00;8;KPÖ;4;0,36;9;WANDL;1;0,09;
707;Lienz;70708;Gaimberg;333;345;5;1;678;443;65,34;435;8;1;ÖVP;223;51,26;2;SPÖ;42;9,66;3;FPÖ;61;14,02;4;NEOS;42;9,66;5;JETZT;13;2,99;6;GRÜNE;51;11,72;7;GILT;0;0,00;8;KPÖ;2;0,46;9;WANDL;1;0,23;
707;Lienz;70735;Heinfels;390;389;3;6;779;499;64,06;495;4;1;ÖVP;328;66,26;2;SPÖ;18;3,64;3;FPÖ;52;10,51;4;NEOS;51;10,30;5;JETZT;2;0,40;6;GRÜNE;36;7,27;7;GILT;2;0,40;8;KPÖ;6;1,21;9;WANDL;0;0,00;
707;Lienz;70709;Hopfgarten in Defereggen;314;273;4;6;587;358;60,99;350;8;1;ÖVP;268;76,57;2;SPÖ;9;2,57;3;FPÖ;36;10,29;4;NEOS;22;6,29;5;JETZT;3;0,86;6;GRÜNE;11;3,14;7;GILT;0;0,00;8;KPÖ;0;0,00;9;WANDL;1;0,29;
707;Lienz;70710;Innervillgraten;397;344;2;1;741;470;63,43;465;5;1;ÖVP;382;82,15;2;SPÖ;12;2,58;3;FPÖ;34;7,31;4;NEOS;19;4,09;5;JETZT;4;0,86;6;GRÜNE;13;2,80;7;GILT;1;0,22;8;KPÖ;0;0,00;9;WANDL;0;0,00;
707;Lienz;70711;Iselsberg-Stronach;253;226;6;2;479;266;55,53;260;6;1;ÖVP;140;53,85;2;SPÖ;23;8,85;3;FPÖ;39;15,00;4;NEOS;16;6,15;5;JETZT;8;3,08;6;GRÜNE;31;11,92;7;GILT;1;0,38;8;KPÖ;2;0,77;9;WANDL;0;0,00;
707;Lienz;70712;Kals am Großglockner;469;471;2;6;940;537;57,13;530;7;1;ÖVP;367;69,25;2;SPÖ;22;4,15;3;FPÖ;89;16,79;4;NEOS;15;2,83;5;JETZT;2;0,38;6;GRÜNE;30;5,66;7;GILT;0;0,00;8;KPÖ;4;0,75;9;WANDL;1;0,19;
707;Lienz;70713;Kartitsch;320;315;2;3;635;397;62,52;395;2;1;ÖVP;311;78,73;2;SPÖ;5;1,27;3;FPÖ;30;7,59;4;NEOS;15;3,80;5;JETZT;6;1,52;6;GRÜNE;25;6,33;7;GILT;0;0,00;8;KPÖ;3;0,76;9;WANDL;0;0,00;
707;Lienz;70714;Lavant;133;128;0;1;261;176;67,43;175;1;1;ÖVP;85;48,57;2;SPÖ;16;9,14;3;FPÖ;44;25,14;4;NEOS;17;9,71;5;JETZT;0;0,00;6;GRÜNE;11;6,29;7;GILT;2;1,14;8;KPÖ;0;0,00;9;WANDL;0;0,00;
707;Lienz;70715;Leisach;294;302;1;3;596;358;60,07;353;5;1;ÖVP;197;55,81;2;SPÖ;34;9,63;3;FPÖ;50;14,16;4;NEOS;17;4,82;5;JETZT;8;2,27;6;GRÜNE;39;11,05;7;GILT;0;0,00;8;KPÖ;8;2,27;9;WANDL;0;0,00;
707;Lienz;70716;Lienz;4247;5194;61;83;9441;5216;55,25;5159;57;1;ÖVP;2222;43,07;2;SPÖ;820;15,89;3;FPÖ;724;14,03;4;NEOS;446;8,65;5;JETZT;114;2,21;6;GRÜNE;769;14,91;7;GILT;20;0,39;8;KPÖ;21;0,41;9;WANDL;23;0,45;
707;Lienz;70717;Matrei in Osttirol;1933;1907;11;8;3840;2247;58,52;2236;11;1;ÖVP;1239;55,41;2;SPÖ;105;4,70;3;FPÖ;536;23,97;4;NEOS;147;6,57;5;JETZT;24;1,07;6;GRÜNE;167;7,47;7;GILT;1;0,04;8;KPÖ;8;0,36;9;WANDL;9;0,40;
707;Lienz;70718;Nikolsdorf;347;354;0;6;701;421;60,06;418;3;1;ÖVP;255;61,00;2;SPÖ;38;9,09;3;FPÖ;47;11,24;4;NEOS;26;6,22;5;JETZT;7;1,67;6;GRÜNE;44;10,53;7;GILT;0;0,00;8;KPÖ;0;0,00;9;WANDL;1;0,24;
707;Lienz;70719;Nußdorf-Debant;1318;1425;14;16;2743;1531;55,81;1513;18;1;ÖVP;689;45,54;2;SPÖ;222;14,67;3;FPÖ;299;19,76;4;NEOS;110;7,27;5;JETZT;17;1,12;6;GRÜNE;165;10,91;7;GILT;3;0,20;8;KPÖ;4;0,26;9;WANDL;4;0,26;
707;Lienz;70720;Oberlienz;628;604;4;4;1232;715;58,04;709;6;1;ÖVP;433;61,07;2;SPÖ;45;6,35;3;FPÖ;97;13,68;4;NEOS;47;6,63;5;JETZT;10;1,41;6;GRÜNE;73;10,30;7;GILT;0;0,00;8;KPÖ;3;0,42;9;WANDL;1;0,14;
707;Lienz;70721;Obertilliach;307;264;1;2;571;401;70,23;395;6;1;ÖVP;327;82,78;2;SPÖ;6;1,52;3;FPÖ;34;8,61;4;NEOS;18;4,56;5;JETZT;0;0,00;6;GRÜNE;8;2,03;7;GILT;0;0,00;8;KPÖ;1;0,25;9;WANDL;1;0,25;
707;Lienz;70723;Prägraten am Großvenediger;491;468;2;9;959;551;57,46;545;6;1;ÖVP;367;67,34;2;SPÖ;10;1,83;3;FPÖ;119;21,83;4;NEOS;20;3,67;5;JETZT;0;0,00;6;GRÜNE;27;4,95;7;GILT;0;0,00;8;KPÖ;2;0,37;9;WANDL;0;0,00;
707;Lienz;70727;Schlaiten;201;187;0;1;388;236;60,82;232;4;1;ÖVP;135;58,19;2;SPÖ;18;7,76;3;FPÖ;35;15,09;4;NEOS;21;9,05;5;JETZT;2;0,86;6;GRÜNE;19;8,19;7;GILT;1;0,43;8;KPÖ;1;0,43;9;WANDL;0;0,00;
707;Lienz;70728;Sillian;801;849;11;15;1650;1066;64,61;1056;10;1;ÖVP;680;64,39;2;SPÖ;68;6,44;3;FPÖ;125;11,84;4;NEOS;81;7,67;5;JETZT;7;0,66;6;GRÜNE;89;8,43;7;GILT;1;0,09;8;KPÖ;3;0,28;9;WANDL;2;0,19;
707;Lienz;70724;St. Jakob in Defereggen;362;338;6;8;700;432;61,71;426;6;1;ÖVP;300;70,42;2;SPÖ;10;2,35;3;FPÖ;55;12,91;4;NEOS;30;7,04;5;JETZT;3;0,70;6;GRÜNE;28;6,57;7;GILT;0;0,00;8;KPÖ;0;0,00;9;WANDL;0;0,00;
707;Lienz;70725;St. Johann im Walde;116;111;0;0;227;163;71,81;163;0;1;ÖVP;110;67,48;2;SPÖ;11;6,75;3;FPÖ;26;15,95;4;NEOS;8;4,91;5;JETZT;3;1,84;6;GRÜNE;2;1,23;7;GILT;2;1,23;8;KPÖ;0;0,00;9;WANDL;1;0,61;
707;Lienz;70726;St. Veit in Defereggen;281;251;3;3;532;349;65,60;345;4;1;ÖVP;240;69,57;2;SPÖ;10;2,90;3;FPÖ;50;14,49;4;NEOS;24;6,96;5;JETZT;1;0,29;6;GRÜNE;20;5,80;7;GILT;0;0,00;8;KPÖ;0;0,00;9;WANDL;0;0,00;
707;Lienz;70729;Strassen;316;308;3;1;624;413;66,19;408;5;1;ÖVP;301;73,77;2;SPÖ;18;4,41;3;FPÖ;29;7,11;4;NEOS;21;5,15;5;JETZT;3;0,74;6;GRÜNE;35;8,58;7;GILT;0;0,00;8;KPÖ;0;0,00;9;WANDL;1;0,25;
707;Lienz;70731;Thurn;255;255;3;5;510;322;63,14;319;3;1;ÖVP;196;61,44;2;SPÖ;16;5,02;3;FPÖ;38;11,91;4;NEOS;23;7,21;5;JETZT;2;0,63;6;GRÜNE;42;13,17;7;GILT;0;0,00;8;KPÖ;2;0,63;9;WANDL;0;0,00;
707;Lienz;70732;Tristach;575;590;3;2;1165;740;63,52;730;10;1;ÖVP;389;53,29;2;SPÖ;63;8,63;3;FPÖ;84;11,51;4;NEOS;61;8,36;5;JETZT;17;2,33;6;GRÜNE;109;14,93;7;GILT;0;0,00;8;KPÖ;3;0,41;9;WANDL;4;0,55;
707;Lienz;70733;Untertilliach;95;88;2;1;183;95;51,91;95;0;1;ÖVP;75;78,95;2;SPÖ;2;2,11;3;FPÖ;7;7,37;4;NEOS;4;4,21;5;JETZT;0;0,00;6;GRÜNE;7;7,37;7;GILT;0;0,00;8;KPÖ;0;0,00;9;WANDL;0;0,00;
707;Lienz;70734;Virgen;905;845;7;6;1750;980;56,00;969;11;1;ÖVP;530;54,70;2;SPÖ;68;7,02;3;FPÖ;276;28,48;4;NEOS;47;4,85;5;JETZT;6;0,62;6;GRÜNE;33;3,41;7;GILT;1;0,10;8;KPÖ;2;0,21;9;WANDL;6;0,62;
708;Reutte;70801;Bach;233;253;0;2;486;278;57,20;270;8;1;ÖVP;169;62,59;2;SPÖ;15;5,56;3;FPÖ;44;16,30;4;NEOS;22;8,15;5;JETZT;4;1,48;6;GRÜNE;15;5,56;7;GILT;0;0,00;8;KPÖ;1;0,37;9;WANDL;0;0,00;
708;Reutte;70802;Berwang;205;200;3;7;405;278;68,64;277;1;1;ÖVP;164;59,21;2;SPÖ;17;6,14;3;FPÖ;40;14,44;4;NEOS;26;9,39;5;JETZT;5;1,81;6;GRÜNE;25;9,03;7;GILT;0;0,00;8;KPÖ;0;0,00;9;WANDL;0;0,00;
708;Reutte;70803;Biberwier;210;233;1;3;443;285;64,33;282;3;1;ÖVP;139;49,29;2;SPÖ;32;11,35;3;FPÖ;48;17,02;4;NEOS;30;10,64;5;JETZT;6;2,13;6;GRÜNE;25;8,87;7;GILT;1;0,35;8;KPÖ;0;0,00;9;WANDL;1;0,35;
708;Reutte;70804;Bichlbach;274;275;1;9;549;326;59,38;323;3;1;ÖVP;197;60,99;2;SPÖ;31;9,60;3;FPÖ;35;10,84;4;NEOS;27;8,36;5;JETZT;8;2,48;6;GRÜNE;24;7,43;7;GILT;1;0,31;8;KPÖ;0;0,00;9;WANDL;0;0,00;
708;Reutte;70805;Breitenwang;553;533;7;10;1086;590;54,33;586;4;1;ÖVP;245;41,81;2;SPÖ;104;17,75;3;FPÖ;67;11,43;4;NEOS;52;8,87;5;JETZT;7;1,19;6;GRÜNE;105;17,92;7;GILT;1;0,17;8;KPÖ;2;0,34;9;WANDL;3;0,51;
708;Reutte;70806;Ehenbichl;284;338;3;8;622;381;61,25;376;5;1;ÖVP;204;54,26;2;SPÖ;39;10,37;3;FPÖ;47;12,50;4;NEOS;34;9,04;5;JETZT;3;0,80;6;GRÜNE;45;11,97;7;GILT;0;0,00;8;KPÖ;3;0,80;9;WANDL;1;0,27;
708;Reutte;70807;Ehrwald;855;867;7;11;1722;946;54,94;941;5;1;ÖVP;498;52,92;2;SPÖ;90;9,56;3;FPÖ;153;16,26;4;NEOS;88;9,35;5;JETZT;15;1,59;6;GRÜNE;90;9,56;7;GILT;4;0,43;8;KPÖ;2;0,21;9;WANDL;1;0,11;
708;Reutte;70808;Elbigenalp;323;321;2;4;644;364;56,52;360;4;1;ÖVP;205;56,94;2;SPÖ;24;6,67;3;FPÖ;50;13,89;4;NEOS;23;6,39;5;JETZT;8;2,22;6;GRÜNE;45;12,50;7;GILT;4;1,11;8;KPÖ;0;0,00;9;WANDL;1;0,28;
708;Reutte;70809;Elmen;136;150;1;1;286;176;61,54;172;4;1;ÖVP;121;70,35;2;SPÖ;4;2,33;3;FPÖ;14;8,14;4;NEOS;11;6,40;5;JETZT;1;0,58;6;GRÜNE;19;11,05;7;GILT;2;1,16;8;KPÖ;0;0,00;9;WANDL;0;0,00;
708;Reutte;70810;Forchach;97;96;1;3;193;132;68,39;131;1;1;ÖVP;70;53,44;2;SPÖ;9;6,87;3;FPÖ;34;25,95;4;NEOS;9;6,87;5;JETZT;3;2,29;6;GRÜNE;5;3,82;7;GILT;1;0,76;8;KPÖ;0;0,00;9;WANDL;0;0,00;
708;Reutte;70811;Grän;181;188;1;2;369;236;63,96;233;3;1;ÖVP;170;72,96;2;SPÖ;6;2,58;3;FPÖ;20;8,58;4;NEOS;20;8,58;5;JETZT;2;0,86;6;GRÜNE;15;6,44;7;GILT;0;0,00;8;KPÖ;0;0,00;9;WANDL;0;0,00;
708;Reutte;70812;Gramais;14;18;0;0;32;24;75,00;24;0;1;ÖVP;23;95,83;2;SPÖ;0;0,00;3;FPÖ;0;0,00;4;NEOS;0;0,00;5;JETZT;0;0,00;6;GRÜNE;1;4,17;7;GILT;0;0,00;8;KPÖ;0;0,00;9;WANDL;0;0,00;
708;Reutte;70813;Häselgehr;280;250;2;0;530;269;50,75;264;5;1;ÖVP;170;64,39;2;SPÖ;17;6,44;3;FPÖ;38;14,39;4;NEOS;17;6,44;5;JETZT;2;0,76;6;GRÜNE;19;7,20;7;GILT;1;0,38;8;KPÖ;0;0,00;9;WANDL;0;0,00;
708;Reutte;70814;Heiterwang;198;202;3;2;400;228;57,00;226;2;1;ÖVP;134;59,29;2;SPÖ;15;6,64;3;FPÖ;35;15,49;4;NEOS;19;8,41;5;JETZT;1;0,44;6;GRÜNE;16;7,08;7;GILT;0;0,00;8;KPÖ;2;0,88;9;WANDL;4;1,77;
708;Reutte;70815;Hinterhornbach;39;31;0;0;70;57;81,43;57;0;1;ÖVP;50;87,72;2;SPÖ;0;0,00;3;FPÖ;6;10,53;4;NEOS;1;1,75;5;JETZT;0;0,00;6;GRÜNE;0;0,00;7;GILT;0;0,00;8;KPÖ;0;0,00;9;WANDL;0;0,00;
708;Reutte;70816;Höfen;462;468;1;2;930;528;56,77;526;2;1;ÖVP;303;57,60;2;SPÖ;63;11,98;3;FPÖ;61;11,60;4;NEOS;42;7,98;5;JETZT;5;0,95;6;GRÜNE;48;9,13;7;GILT;0;0,00;8;KPÖ;4;0,76;9;WANDL;0;0,00;
708;Reutte;70817;Holzgau;147;152;2;0;299;199;66,56;197;2;1;ÖVP;132;67,01;2;SPÖ;11;5,58;3;FPÖ;30;15,23;4;NEOS;10;5,08;5;JETZT;1;0,51;6;GRÜNE;10;5,08;7;GILT;1;0,51;8;KPÖ;1;0,51;9;WANDL;1;0,51;
708;Reutte;70818;Jungholz;52;45;1;2;97;52;53,61;52;0;1;ÖVP;45;86,54;2;SPÖ;0;0,00;3;FPÖ;5;9,62;4;NEOS;1;1,92;5;JETZT;0;0,00;6;GRÜNE;1;1,92;7;GILT;0;0,00;8;KPÖ;0;0,00;9;WANDL;0;0,00;
708;Reutte;70819;Kaisers;32;26;1;0;58;41;70,69;41;0;1;ÖVP;25;60,98;2;SPÖ;1;2,44;3;FPÖ;4;9,76;4;NEOS;4;9,76;5;JETZT;3;7,32;6;GRÜNE;4;9,76;7;GILT;0;0,00;8;KPÖ;0;0,00;9;WANDL;0;0,00;
708;Reutte;70820;Lechaschau;728;778;7;11;1506;813;53,98;801;12;1;ÖVP;371;46,32;2;SPÖ;118;14,73;3;FPÖ;124;15,48;4;NEOS;72;8,99;5;JETZT;14;1,75;6;GRÜNE;98;12,23;7;GILT;1;0,12;8;KPÖ;2;0,25;9;WANDL;1;0,12;
708;Reutte;70821;Lermoos;378;367;5;9;745;441;59,19;439;2;1;ÖVP;278;63,33;2;SPÖ;27;6,15;3;FPÖ;54;12,30;4;NEOS;36;8,20;5;JETZT;6;1,37;6;GRÜNE;32;7,29;7;GILT;2;0,46;8;KPÖ;3;0,68;9;WANDL;1;0,23;
708;Reutte;70822;Musau;144;139;0;0;283;182;64,31;182;0;1;ÖVP;110;60,44;2;SPÖ;23;12,64;3;FPÖ;17;9,34;4;NEOS;13;7,14;5;JETZT;3;1,65;6;GRÜNE;15;8,24;7;GILT;0;0,00;8;KPÖ;0;0,00;9;WANDL;1;0,55;
708;Reutte;70823;Namlos;36;24;3;3;60;45;75,00;45;0;1;ÖVP;28;62,22;2;SPÖ;1;2,22;3;FPÖ;13;28,89;4;NEOS;1;2,22;5;JETZT;0;0,00;6;GRÜNE;2;4,44;7;GILT;0;0,00;8;KPÖ;0;0,00;9;WANDL;0;0,00;
708;Reutte;70824;Nesselwängle;167;153;0;2;320;173;54,06;172;1;1;ÖVP;118;68,60;2;SPÖ;9;5,23;3;FPÖ;23;13,37;4;NEOS;12;6,98;5;JETZT;0;0,00;6;GRÜNE;9;5,23;7;GILT;1;0,58;8;KPÖ;0;0,00;9;WANDL;0;0,00;
708;Reutte;70825;Pfafflar;42;43;0;0;85;44;51,76;44;0;1;ÖVP;35;79,55;2;SPÖ;2;4,55;3;FPÖ;5;11,36;4;NEOS;0;0,00;5;JETZT;0;0,00;6;GRÜNE;2;4,55;7;GILT;0;0,00;8;KPÖ;0;0,00;9;WANDL;0;0,00;
708;Reutte;70826;Pflach;460;451;11;5;911;513;56,31;508;5;1;ÖVP;257;50,59;2;SPÖ;76;14,96;3;FPÖ;72;14,17;4;NEOS;33;6,50;5;JETZT;7;1,38;6;GRÜNE;57;11,22;7;GILT;1;0,20;8;KPÖ;3;0,59;9;WANDL;2;0,39;
708;Reutte;70827;Pinswang;139;138;2;3;277;178;64,26;176;2;1;ÖVP;98;55,68;2;SPÖ;20;11,36;3;FPÖ;19;10,80;4;NEOS;14;7,95;5;JETZT;2;1,14;6;GRÜNE;21;11,93;7;GILT;1;0,57;8;KPÖ;1;0,57;9;WANDL;0;0,00;
708;Reutte;70828;Reutte;1998;2181;44;41;4179;2058;49,25;2047;11;1;ÖVP;789;38,54;2;SPÖ;496;24,23;3;FPÖ;255;12,46;4;NEOS;185;9,04;5;JETZT;27;1,32;6;GRÜNE;269;13,14;7;GILT;3;0,15;8;KPÖ;11;0,54;9;WANDL;12;0,59;
708;Reutte;70829;Schattwald;147;154;6;5;301;157;52,16;156;1;1;ÖVP;99;63,46;2;SPÖ;7;4,49;3;FPÖ;8;5,13;4;NEOS;15;9,62;5;JETZT;2;1,28;6;GRÜNE;25;16,03;7;GILT;0;0,00;8;KPÖ;0;0,00;9;WANDL;0;0,00;
708;Reutte;70830;Stanzach;184;166;2;0;350;213;60,86;209;4;1;ÖVP;111;53,11;2;SPÖ;17;8,13;3;FPÖ;31;14,83;4;NEOS;18;8,61;5;JETZT;5;2,39;6;GRÜNE;26;12,44;7;GILT;1;0,48;8;KPÖ;0;0,00;9;WANDL;0;0,00;
708;Reutte;70831;Steeg;273;250;3;1;523;353;67,50;350;3;1;ÖVP;256;73,14;2;SPÖ;6;1,71;3;FPÖ;41;11,71;4;NEOS;22;6,29;5;JETZT;9;2,57;6;GRÜNE;15;4,29;7;GILT;0;0,00;8;KPÖ;0;0,00;9;WANDL;1;0,29;
708;Reutte;70832;Tannheim;357;346;3;2;703;395;56,19;389;6;1;ÖVP;252;64,78;2;SPÖ;19;4,88;3;FPÖ;52;13,37;4;NEOS;35;9,00;5;JETZT;5;1,29;6;GRÜNE;23;5,91;7;GILT;0;0,00;8;KPÖ;0;0,00;9;WANDL;3;0,77;
708;Reutte;70833;Vils;530;533;5;12;1063;623;58,61;617;6;1;ÖVP;362;58,67;2;SPÖ;68;11,02;3;FPÖ;72;11,67;4;NEOS;38;6,16;5;JETZT;10;1,62;6;GRÜNE;62;10,05;7;GILT;0;0,00;8;KPÖ;5;0,81;9;WANDL;0;0,00;
708;Reutte;70834;Vorderhornbach;109;99;2;0;208;151;72,60;150;1;1;ÖVP;94;62,67;2;SPÖ;6;4,00;3;FPÖ;23;15,33;4;NEOS;14;9,33;5;JETZT;2;1,33;6;GRÜNE;11;7,33;7;GILT;0;0,00;8;KPÖ;0;0,00;9;WANDL;0;0,00;
708;Reutte;70835;Wängle;344;361;5;6;705;422;59,86;418;4;1;ÖVP;248;59,33;2;SPÖ;42;10,05;3;FPÖ;45;10,77;4;NEOS;31;7,42;5;JETZT;2;0,48;6;GRÜNE;46;11,00;7;GILT;2;0,48;8;KPÖ;2;0,48;9;WANDL;0;0,00;
708;Reutte;70836;Weißenbach am Lech;466;485;4;9;951;494;51,95;485;9;1;ÖVP;249;51,34;2;SPÖ;58;11,96;3;FPÖ;108;22,27;4;NEOS;29;5,98;5;JETZT;10;2,06;6;GRÜNE;22;4,54;7;GILT;3;0,62;8;KPÖ;3;0,62;9;WANDL;3;0,62;
708;Reutte;70837;Zöblen;84;87;2;1;171;99;57,89;98;1;1;ÖVP;76;77,55;2;SPÖ;1;1,02;3;FPÖ;11;11,22;4;NEOS;2;2,04;5;JETZT;0;0,00;6;GRÜNE;8;8,16;7;GILT;0;0,00;8;KPÖ;0;0,00;9;WANDL;0;0,00;
709;Schwaz;70901;Achenkirch;778;795;14;17;1573;854;54,29;849;5;1;ÖVP;530;62,43;2;SPÖ;57;6,71;3;FPÖ;142;16,73;4;NEOS;49;5,77;5;JETZT;16;1,88;6;GRÜNE;44;5,18;7;GILT;1;0,12;8;KPÖ;4;0,47;9;WANDL;6;0,71;
709;Schwaz;70902;Aschau im Zillertal;664;666;3;3;1330;702;52,78;691;11;1;ÖVP;425;61,51;2;SPÖ;57;8,25;3;FPÖ;116;16,79;4;NEOS;35;5,07;5;JETZT;8;1,16;6;GRÜNE;44;6,37;7;GILT;1;0,14;8;KPÖ;2;0,29;9;WANDL;3;0,43;
709;Schwaz;70903;Brandberg;138;139;1;1;277;166;59,93;166;0;1;ÖVP;110;66,27;2;SPÖ;8;4,82;3;FPÖ;37;22,29;4;NEOS;5;3,01;5;JETZT;0;0,00;6;GRÜNE;6;3,61;7;GILT;0;0,00;8;KPÖ;0;0,00;9;WANDL;0;0,00;
709;Schwaz;70904;Bruck am Ziller;411;443;2;1;854;564;66,04;562;2;1;ÖVP;348;61,92;2;SPÖ;43;7,65;3;FPÖ;105;18,68;4;NEOS;26;4,63;5;JETZT;7;1,25;6;GRÜNE;31;5,52;7;GILT;0;0,00;8;KPÖ;1;0,18;9;WANDL;1;0,18;
709;Schwaz;70905;Buch in Tirol;1009;1009;5;2;2018;1214;60,16;1204;10;1;ÖVP;516;42,86;2;SPÖ;145;12,04;3;FPÖ;281;23,34;4;NEOS;91;7,56;5;JETZT;19;1,58;6;GRÜNE;138;11,46;7;GILT;8;0,66;8;KPÖ;5;0,42;9;WANDL;1;0,08;
709;Schwaz;70907;Eben am Achensee;1042;1046;8;19;2088;1095;52,44;1090;5;1;ÖVP;575;52,75;2;SPÖ;120;11,01;3;FPÖ;177;16,24;4;NEOS;93;8,53;5;JETZT;13;1,19;6;GRÜNE;105;9,63;7;GILT;3;0,28;8;KPÖ;3;0,28;9;WANDL;1;0,09;
709;Schwaz;70908;Finkenberg;541;539;2;2;1080;656;60,74;652;4;1;ÖVP;411;63,04;2;SPÖ;69;10,58;3;FPÖ;77;11,81;4;NEOS;39;5,98;5;JETZT;6;0,92;6;GRÜNE;44;6,75;7;GILT;2;0,31;8;KPÖ;2;0,31;9;WANDL;2;0,31;
709;Schwaz;70909;Fügen;1320;1490;10;16;2810;1465;52,14;1452;13;1;ÖVP;763;52,55;2;SPÖ;173;11,91;3;FPÖ;274;18,87;4;NEOS;91;6,27;5;JETZT;19;1,31;6;GRÜNE;122;8,40;7;GILT;2;0,14;8;KPÖ;4;0,28;9;WANDL;4;0,28;
709;Schwaz;70910;Fügenberg;517;530;0;4;1047;592;56,54;591;1;1;ÖVP;382;64,64;2;SPÖ;36;6,09;3;FPÖ;109;18,44;4;NEOS;19;3,21;5;JETZT;13;2,20;6;GRÜNE;28;4,74;7;GILT;0;0,00;8;KPÖ;4;0,68;9;WANDL;0;0,00;
709;Schwaz;70911;Gallzein;253;242;0;0;495;326;65,86;324;2;1;ÖVP;175;54,01;2;SPÖ;16;4,94;3;FPÖ;91;28,09;4;NEOS;14;4,32;5;JETZT;2;0,62;6;GRÜNE;23;7,10;7;GILT;0;0,00;8;KPÖ;1;0,31;9;WANDL;2;0,62;
709;Schwaz;70912;Gerlos;290;306;5;6;596;395;66,28;395;0;1;ÖVP;248;62,78;2;SPÖ;44;11,14;3;FPÖ;62;15,70;4;NEOS;20;5,06;5;JETZT;10;2,53;6;GRÜNE;9;2,28;7;GILT;1;0,25;8;KPÖ;0;0,00;9;WANDL;1;0,25;
709;Schwaz;70913;Gerlosberg;197;178;0;1;375;232;61,87;230;2;1;ÖVP;155;67,39;2;SPÖ;16;6,96;3;FPÖ;41;17,83;4;NEOS;5;2,17;5;JETZT;2;0,87;6;GRÜNE;10;4,35;7;GILT;0;0,00;8;KPÖ;0;0,00;9;WANDL;1;0,43;
709;Schwaz;70914;Hainzenberg;266;264;0;1;530;323;60,94;319;4;1;ÖVP;184;57,68;2;SPÖ;42;13,17;3;FPÖ;56;17,55;4;NEOS;14;4,39;5;JETZT;3;0,94;6;GRÜNE;19;5,96;7;GILT;0;0,00;8;KPÖ;1;0,31;9;WANDL;0;0,00;
709;Schwaz;70915;Hart im Zillertal;593;594;0;3;1187;675;56,87;670;5;1;ÖVP;409;61,04;2;SPÖ;49;7,31;3;FPÖ;120;17,91;4;NEOS;32;4,78;5;JETZT;6;0,90;6;GRÜNE;50;7,46;7;GILT;1;0,15;8;KPÖ;1;0,15;9;WANDL;2;0,30;
709;Schwaz;70916;Hippach;558;539;0;1;1097;625;56,97;624;1;1;ÖVP;471;75,48;2;SPÖ;23;3,69;3;FPÖ;71;11,38;4;NEOS;32;5,13;5;JETZT;2;0,32;6;GRÜNE;25;4,01;7;GILT;0;0,00;8;KPÖ;0;0,00;9;WANDL;0;0,00;
709;Schwaz;70917;Jenbach;2414;2505;39;20;4919;2638;53,63;2614;24;1;ÖVP;924;35,35;2;SPÖ;643;24,60;3;FPÖ;522;19,97;4;NEOS;173;6,62;5;JETZT;42;1,61;6;GRÜNE;276;10,56;7;GILT;4;0,15;8;KPÖ;22;0,84;9;WANDL;8;0,31;
709;Schwaz;70918;Kaltenbach;466;447;3;3;913;540;59,15;536;4;1;ÖVP;278;51,87;2;SPÖ;93;17,35;3;FPÖ;89;16,60;4;NEOS;17;3,17;5;JETZT;4;0,75;6;GRÜNE;52;9,70;7;GILT;1;0,19;8;KPÖ;0;0,00;9;WANDL;2;0,37;
709;Schwaz;70920;Mayrhofen;1233;1366;13;16;2599;1380;53,10;1369;11;1;ÖVP;764;55,81;2;SPÖ;116;8,47;3;FPÖ;193;14,10;4;NEOS;116;8,47;5;JETZT;19;1,39;6;GRÜNE;151;11,03;7;GILT;1;0,07;8;KPÖ;4;0,29;9;WANDL;5;0,37;
709;Schwaz;70921;Pill;469;446;4;2;915;599;65,46;584;15;1;ÖVP;291;49,83;2;SPÖ;32;5,48;3;FPÖ;172;29,45;4;NEOS;18;3,08;5;JETZT;6;1,03;6;GRÜNE;63;10,79;7;GILT;1;0,17;8;KPÖ;0;0,00;9;WANDL;1;0,17;
709;Schwaz;70922;Ramsau im Zillertal;607;627;3;1;1234;673;54,54;667;6;1;ÖVP;391;58,62;2;SPÖ;55;8,25;3;FPÖ;123;18,44;4;NEOS;33;4,95;5;JETZT;10;1,50;6;GRÜNE;50;7,50;7;GILT;0;0,00;8;KPÖ;3;0,45;9;WANDL;2;0,30;
709;Schwaz;70923;Ried im Zillertal;454;456;0;2;910;561;61,65;553;8;1;ÖVP;322;58,23;2;SPÖ;74;13,38;3;FPÖ;62;11,21;4;NEOS;38;6,87;5;JETZT;5;0,90;6;GRÜNE;46;8,32;7;GILT;3;0,54;8;KPÖ;3;0,54;9;WANDL;0;0,00;
709;Schwaz;70924;Rohrberg;209;223;0;0;432;265;61,34;265;0;1;ÖVP;160;60,38;2;SPÖ;40;15,09;3;FPÖ;41;15,47;4;NEOS;10;3,77;5;JETZT;4;1,51;6;GRÜNE;8;3,02;7;GILT;0;0,00;8;KPÖ;1;0,38;9;WANDL;1;0,38;
709;Schwaz;70925;Schlitters;528;552;4;4;1080;636;58,89;625;11;1;ÖVP;343;54,88;2;SPÖ;78;12,48;3;FPÖ;103;16,48;4;NEOS;31;4,96;5;JETZT;7;1,12;6;GRÜNE;57;9,12;7;GILT;1;0,16;8;KPÖ;2;0,32;9;WANDL;3;0,48;
709;Schwaz;70926;Schwaz;4762;5211;78;76;9973;5537;55,52;5473;64;1;ÖVP;1994;36,43;2;SPÖ;1083;19,79;3;FPÖ;970;17,72;4;NEOS;430;7,86;5;JETZT;102;1,86;6;GRÜNE;826;15,09;7;GILT;8;0,15;8;KPÖ;37;0,68;9;WANDL;23;0,42;
709;Schwaz;70927;Schwendau;622;632;1;2;1254;706;56,30;699;7;1;ÖVP;463;66,24;2;SPÖ;38;5,44;3;FPÖ;105;15,02;4;NEOS;48;6,87;5;JETZT;3;0,43;6;GRÜNE;39;5,58;7;GILT;2;0,29;8;KPÖ;0;0,00;9;WANDL;1;0,14;
709;Schwaz;70928;Stans;811;821;10;4;1632;1031;63,17;1024;7;1;ÖVP;508;49,61;2;SPÖ;121;11,82;3;FPÖ;173;16,89;4;NEOS;89;8,69;5;JETZT;10;0,98;6;GRÜNE;113;11,04;7;GILT;2;0,20;8;KPÖ;5;0,49;9;WANDL;3;0,29;
709;Schwaz;70929;Steinberg am Rofan;111;99;2;1;210;125;59,52;124;1;1;ÖVP;98;79,03;2;SPÖ;5;4,03;3;FPÖ;12;9,68;4;NEOS;4;3,23;5;JETZT;0;0,00;6;GRÜNE;4;3,23;7;GILT;0;0,00;8;KPÖ;1;0,81;9;WANDL;0;0,00;
709;Schwaz;70930;Strass im Zillertal;323;325;1;5;648;414;63,89;412;2;1;ÖVP;219;53,16;2;SPÖ;42;10,19;3;FPÖ;55;13,35;4;NEOS;36;8,74;5;JETZT;6;1,46;6;GRÜNE;50;12,14;7;GILT;0;0,00;8;KPÖ;3;0,73;9;WANDL;1;0,24;
709;Schwaz;70931;Stumm;717;749;7;13;1466;828;56,48;810;18;1;ÖVP;453;55,93;2;SPÖ;108;13,33;3;FPÖ;119;14,69;4;NEOS;38;4,69;5;JETZT;11;1,36;6;GRÜNE;78;9,63;7;GILT;0;0,00;8;KPÖ;0;0,00;9;WANDL;3;0,37;
709;Schwaz;70932;Stummerberg;335;336;0;1;671;370;55,14;370;0;1;ÖVP;259;70,00;2;SPÖ;20;5,41;3;FPÖ;67;18,11;4;NEOS;8;2,16;5;JETZT;4;1,08;6;GRÜNE;11;2,97;7;GILT;0;0,00;8;KPÖ;0;0,00;9;WANDL;1;0,27;
709;Schwaz;70933;Terfens;824;794;4;4;1618;1039;64,22;1034;5;1;ÖVP;472;45,65;2;SPÖ;93;8,99;3;FPÖ;172;16,63;4;NEOS;121;11,70;5;JETZT;23;2,22;6;GRÜNE;130;12,57;7;GILT;5;0,48;8;KPÖ;9;0,87;9;WANDL;9;0,87;
709;Schwaz;70934;Tux;705;694;12;12;1399;926;66,19;913;13;1;ÖVP;618;67,69;2;SPÖ;75;8,21;3;FPÖ;99;10,84;4;NEOS;56;6,13;5;JETZT;8;0,88;6;GRÜNE;52;5,70;7;GILT;1;0,11;8;KPÖ;4;0,44;9;WANDL;0;0,00;
709;Schwaz;70935;Uderns;667;671;4;0;1338;746;55,75;744;2;1;ÖVP;366;49,19;2;SPÖ;116;15,59;3;FPÖ;162;21,77;4;NEOS;38;5,11;5;JETZT;6;0,81;6;GRÜNE;49;6,59;7;GILT;1;0,13;8;KPÖ;1;0,13;9;WANDL;5;0,67;
709;Schwaz;70936;Vomp;1866;1965;10;14;3831;2323;60,64;2303;20;1;ÖVP;936;40,64;2;SPÖ;397;17,24;3;FPÖ;440;19,11;4;NEOS;171;7,43;5;JETZT;30;1,30;6;GRÜNE;305;13,24;7;GILT;5;0,22;8;KPÖ;13;0,56;9;WANDL;6;0,26;
709;Schwaz;70937;Weer;596;612;2;5;1208;712;58,94;708;4;1;ÖVP;344;48,59;2;SPÖ;92;12,99;3;FPÖ;131;18,50;4;NEOS;46;6,50;5;JETZT;8;1,13;6;GRÜNE;79;11,16;7;GILT;0;0,00;8;KPÖ;5;0,71;9;WANDL;3;0,42;
709;Schwaz;70938;Weerberg;990;943;6;5;1933;1248;64,56;1237;11;1;ÖVP;803;64,92;2;SPÖ;54;4,37;3;FPÖ;210;16,98;4;NEOS;72;5,82;5;JETZT;11;0,89;6;GRÜNE;81;6,55;7;GILT;1;0,08;8;KPÖ;5;0,40;9;WANDL;0;0,00;
709;Schwaz;70939;Wiesing;805;847;3;7;1652;957;57,93;955;2;1;ÖVP;410;42,93;2;SPÖ;142;14,87;3;FPÖ;203;21,26;4;NEOS;79;8,27;5;JETZT;19;1,99;6;GRÜNE;98;10,26;7;GILT;1;0,10;8;KPÖ;2;0,21;9;WANDL;1;0,10;
709;Schwaz;70940;Zell am Ziller;635;654;11;11;1289;695;53,92;692;3;1;ÖVP;338;48,84;2;SPÖ;102;14,74;3;FPÖ;132;19,08;4;NEOS;53;7,66;5;JETZT;10;1,45;6;GRÜNE;53;7,66;7;GILT;2;0,29;8;KPÖ;2;0,29;9;WANDL;0;0,00;
709;Schwaz;70941;Zellberg;261;258;1;0;519;296;57,03;294;2;1;ÖVP;176;59,86;2;SPÖ;22;7,48;3;FPÖ;58;19,73;4;NEOS;20;6,80;5;JETZT;3;1,02;6;GRÜNE;13;4,42;7;GILT;0;0,00;8;KPÖ;1;0,34;9;WANDL;1;0,34;
0;Wahlkarten;7007A;Wahlkarten Inland Innsbruck;0;0;0;0;0;548;100,00;546;2;1;ÖVP;112;20,51;2;SPÖ;58;10,62;3;FPÖ;25;4,58;4;NEOS;117;21,43;5;JETZT;28;5,13;6;GRÜNE;197;36,08;7;GILT;3;0,55;8;KPÖ;3;0,55;9;WANDL;3;0,55;
0;Wahlkarten;7007B;Wahlkarten Inland Innsbruck-Land;0;0;0;0;0;415;100,00;412;3;1;ÖVP;93;22,57;2;SPÖ;55;13,35;3;FPÖ;41;9,95;4;NEOS;63;15,29;5;JETZT;19;4,61;6;GRÜNE;129;31,31;7;GILT;4;0,97;8;KPÖ;3;0,73;9;WANDL;5;1,21;
0;Wahlkarten;7007C;Wahlkarten Inland Unterland;0;0;0;0;0;249;100,00;247;2;1;ÖVP;84;34,01;2;SPÖ;19;7,69;3;FPÖ;32;12,96;4;NEOS;46;18,62;5;JETZT;3;1,21;6;GRÜNE;54;21,86;7;GILT;2;0,81;8;KPÖ;4;1,62;9;WANDL;3;1,21;
0;Wahlkarten;7007D;Wahlkarten Inland Oberland;0;0;0;0;0;175;100,00;173;2;1;ÖVP;44;25,43;2;SPÖ;19;10,98;3;FPÖ;11;6,36;4;NEOS;33;19,08;5;JETZT;11;6,36;6;GRÜNE;51;29,48;7;GILT;0;0,00;8;KPÖ;2;1,16;9;WANDL;2;1,16;
0;Wahlkarten;7007E;Wahlkarten Inland Osttirol;0;0;0;0;0;137;100,00;137;0;1;ÖVP;43;31,39;2;SPÖ;17;12,41;3;FPÖ;6;4,38;4;NEOS;28;20,44;5;JETZT;2;1,46;6;GRÜNE;38;27,74;7;GILT;0;0,00;8;KPÖ;3;2,19;9;WANDL;0;0,00;
0;Wahlkarten;70099;Wahlkarten Inland unzuordenbar;0;0;0;0;0;0;0,00;0;0;1;ÖVP;0;0,00;2;SPÖ;0;0,00;3;FPÖ;0;0,00;4;NEOS;0;0,00;5;JETZT;0;0,00;6;GRÜNE;0;0,00;7;GILT;0;0,00;8;KPÖ;0;0,00;9;WANDL;0;0,00;
0;Wahlkarten;70199;Briefwahlkarten Innsbruck-Stadt;0;0;0;0;0;14980;100,00;14918;62;1;ÖVP;3840;25,74;2;SPÖ;1927;12,92;3;FPÖ;1187;7,96;4;NEOS;2128;14,26;5;JETZT;305;2,04;6;GRÜNE;5236;35,10;7;GILT;33;0,22;8;KPÖ;145;0,97;9;WANDL;117;0,78;
0;Wahlkarten;70299;Briefwahlkarten Imst;0;0;0;0;0;4934;100,00;4902;32;1;ÖVP;2135;43,55;2;SPÖ;448;9,14;3;FPÖ;640;13,06;4;NEOS;549;11,20;5;JETZT;114;2,33;6;GRÜNE;928;18,93;7;GILT;22;0,45;8;KPÖ;31;0,63;9;WANDL;35;0,71;
0;Wahlkarten;70399;Briefwahlkarten Innsbruck-Land;0;0;0;0;0;18762;100,00;18691;71;1;ÖVP;6974;37,31;2;SPÖ;2366;12,66;3;FPÖ;2134;11,42;4;NEOS;2516;13,46;5;JETZT;318;1,70;6;GRÜNE;4156;22,24;7;GILT;43;0,23;8;KPÖ;101;0,54;9;WANDL;83;0,44;
0;Wahlkarten;70499;Briefwahlkarten Kitzbühel;0;0;0;0;0;6284;100,00;6255;29;1;ÖVP;3095;49,48;2;SPÖ;584;9,34;3;FPÖ;627;10,02;4;NEOS;657;10,50;5;JETZT;71;1,14;6;GRÜNE;1150;18,39;7;GILT;20;0,32;8;KPÖ;27;0,43;9;WANDL;24;0,38;
0;Wahlkarten;70599;Briefwahlkarten Kufstein;0;0;0;0;0;8035;100,00;7993;42;1;ÖVP;3492;43,69;2;SPÖ;913;11,42;3;FPÖ;907;11,35;4;NEOS;813;10,17;5;JETZT;135;1,69;6;GRÜNE;1595;19,95;7;GILT;55;0,69;8;KPÖ;39;0,49;9;WANDL;44;0,55;
0;Wahlkarten;70699;Briefwahlkarten Landeck;0;0;0;0;0;3523;100,00;3506;17;1;ÖVP;1700;48,49;2;SPÖ;410;11,69;3;FPÖ;286;8,16;4;NEOS;458;13,06;5;JETZT;62;1,77;6;GRÜNE;552;15,74;7;GILT;10;0,29;8;KPÖ;16;0,46;9;WANDL;12;0,34;
0;Wahlkarten;70799;Briefwahlkarten Lienz;0;0;0;0;0;4295;100,00;4268;27;1;ÖVP;1818;42,60;2;SPÖ;464;10,87;3;FPÖ;501;11,74;4;NEOS;526;12,32;5;JETZT;64;1,50;6;GRÜNE;853;19,99;7;GILT;10;0,23;8;KPÖ;11;0,26;9;WANDL;21;0,49;
0;Wahlkarten;70899;Briefwahlkarten Reutte;0;0;0;0;0;3009;100,00;2991;18;1;ÖVP;1495;49,98;2;SPÖ;316;10,57;3;FPÖ;315;10,53;4;NEOS;316;10,57;5;JETZT;53;1,77;6;GRÜNE;462;15,45;7;GILT;11;0,37;8;KPÖ;17;0,57;9;WANDL;6;0,20;
0;Wahlkarten;70999;Briefwahlkarten Schwaz;0;0;0;0;0;7467;100,00;7426;41;1;ÖVP;3310;44,57;2;SPÖ;838;11,28;3;FPÖ;1041;14,02;4;NEOS;777;10,46;5;JETZT;134;1,80;6;GRÜNE;1221;16,44;7;GILT;25;0,34;8;KPÖ;33;0,44;9;WANDL;47;0,63;
